realm_no,realm,locations,v1_items,v2_items,new_items,moved_in,items_per_location,v1_avg_hsk,v2_avg_hsk,v1_avg_yct,v2_avg_yct,v1_share_hsk2plus,v2_share_hsk2plus,v1_grammar_items,v2_grammar_items,v2_phrases,v2_speaking_y,v2_reading_y,v2_in_neither_list
1,Starter Meadow,3,92,150,35,23,52/47/51,1.20,1.20,1.73,1.68,12%,9%,6,28,44,141,144,40
2,Honeycomb Forest,2,69,118,40,9,59/59,2.10,2.29,2.39,2.84,43%,55%,3,15,18,90,108,24
3,Crossroads Market,2,51,107,51,7,54/53,1.72,1.94,2.52,3.00,45%,53%,9,24,16,77,98,21
4,Goblin Caves,3,87,143,65,0,48/47/48,1.92,2.16,2.66,3.27,41%,50%,2,7,34,121,129,37
5,Hydra Swamp,2,57,94,51,6,47/47,1.44,1.78,2.60,2.88,33%,48%,21,20,20,83,88,29
6,Zombie Lands,2,68,120,58,1,60/60,1.93,2.33,2.93,3.15,49%,67%,0,4,23,101,110,24
7,Griffin Peaks,2,63,118,56,0,59/59,1.38,1.94,3.00,3.28,37%,50%,1,1,13,105,109,17
8,Ogre Colosseum,2,51,104,53,0,52/52,3.04,3.10,3.12,3.34,65%,76%,1,2,44,88,78,28
9,Demon King's Castle,2,47,97,57,0,48/49,3.05,3.48,3.57,3.75,77%,90%,12,19,19,55,69,26
