quest_id,realm,zone,pool,story,type,title_zh,title_en,giver,giver_where,return_to_giver,prerequisites,steps,reward_G,reward_gold,reward_exp,reward_items,reward_gear,reward_spell,reward_skill,value_G,value_gold,spell_value_gold,words,hook,summary
q1_bounty,1,meadow,L1.1,side,slay,赶走角兔,Rabbits in the Cabbages,farmer_li,realm_1/m_farm,Y,,quest_offer:talk → edge_battle:kill → quest_offer:turn_in,8,48,30,1× honey,,,,9.0,54,0,C001=你好 C007=谢谢 C039=多少 C038=几 C011=请,,"Chase 8 horned rabbits away from Farmer Li's cabbage field, then tell him they're gone."
q1_hoe,1,meadow,L1.1,side,find,找回锄头,The Lost Hoe,farmer_li,realm_1/m_farm,Y,,quest_offer:talk → story:reach → item:pickup → quest_offer:turn_in,7,42,20,1× honey,,,,8.0,48,0,C035=什么 C037=哪儿 C594=这里 C595=那里 C007=谢谢,q1_hoe,Farmer Li dropped his hoe somewhere; spot the glint in the old well and bring it back.
q1_carrot,1,warren,L1.3,side,fetch,金萝卜,The Golden Carrot Thief,xiaoming,realm_1/w_path,N (other NPC),"{""bossDefeated"": ""clover_hills""}",quest_offer:talk → miniboss:fight → item:pickup → quest_offer:turn_in,15,90,40,1× feather,,,,17.0,102,0,C076=救命 C077=小心 C078=快跑 C282=朋友 C090=帮忙 C092=兔子,q1_carrot,"Beat the speedy thief rabbit in its nest, find the golden carrot by Clover Lake and take it home to Xiaoming."
q2_lost_panda,2,forest,L2.1,side,find,找熊猫,Duoduo's Lost Panda,duoduo,forest/town/entry_town,Y,"{""bossDefeated"": ""forest""}",quest_offer:talk → story:reach → item:pickup → quest_offer:turn_in,9,108,40,1× honey,,,,10.0,120,0,C155=熊猫 C145=森林 C143=树 C142=花 C454=……在哪儿 C007=谢谢,,Follow the sticker trail through the Flower Glade to find Duoduo's toy panda and bring it home.
q2_spider_silk,2,forest,L2.1,side,fetch,收集蜘蛛丝,Silk for the Bee Veils,granny_mi,forest/town/entry_town,Y,,quest_offer:talk → edge_battle:collect → quest_offer:turn_in,11,132,60,2× honey,,,,13.0,156,0,C115=蜂蜜 C122=渴 C119=甜 C118=好吃 C121=饿,,Collect 5 strands of spider silk so Granny Mi can mend her bee veils.
q2_bubble_lesson,2,forest,L2.1,main,fetch,白奶奶的泡泡课,Granny Bai's Bubble Lesson,granny_bai,forest/town/entry_town,Y,,quest_offer:talk → item:pickup → quest_offer:words → quest_offer:turn_in,0,0,60,,,bubble_spell,,0.0,0,540,C093=吃 C094=喝 C107=水 C119=甜 C642=尝一尝,,"Gather 3 soap-flowers and learn 8 forest words; Granny Bai teaches you your first spell, Bubble Spell."
q2_royal_jelly,2,great_hive,L2.2,main,fetch,蜂后的蜂王浆,The Queen's Stolen Jelly,yezi,great_hive/npc/level_1_mid,Y,"{""bossDefeated"": ""forest""}",quest_offer:talk → miniboss:fight → story:pickup → boss:boss → quest_offer:turn_in,10,120,100,1× manatea,,,heal,16.0,192,0,C130=要 C134=给 C138=请给我…… C135=不要 C342=所以 C343=因为,q2_great_hive_1_npc_1,"Find the royal jelly Pipi stole, return it to the Queen Bee, and Yezi teaches you Heal."
q3_rescue_fei,3,crossroads_highway,L3.1,main,rescue,救小飞,Fei and the Bandit Cave,xiaomei,crossroads_highway/village/outpost,Y,,quest_offer:talk → story:reach → miniboss:fight → story:talk → quest_offer:turn_in,5,90,150,,shield_t3_fine (Fine Round Shield),,,13.3,240,0,C166=多少钱 C663=一共 C164=钱 C668=钱包 C076=救命 C282=朋友,,"Follow the ransom note to the bandits' cave, beat the Sack Brothers and bring Fei home to his sister."
q3_stolen_hats,3,crossroads_highway,L3.1,side,fetch,找帽子,Hats Off!,auntie_hat,crossroads_highway/town/entry_town,Y,,quest_offer:talk → edge_battle:collect → quest_offer:turn_in,6,108,90,1× honey,,,,7.0,126,0,C162=买 C163=卖 C171=商店 C172=东西 C190=颜色,,Knock 5 stolen hats off the road bandits' heads and return them to the hat stall.
q3_caravan,3,crossroads_highway,L3.1,side,escort,护送马车,The Toy Caravan,boss_qian,crossroads_highway/town/entry_town,N (other NPC),,quest_offer:talk → edge_battle:escort → story:reach → quest_offer:deliver,6,108,90,1× feather,,,,8.0,144,0,C167=贵 C168=便宜 C169=太贵了 C170=便宜一点儿吧 C679=玩具 C663=一共,,"Walk Boss Qian's toy cart down the highway to the outpost, haggling a cheeky toll-goblin down on the way."
q3_lost_wallet,3,night_bazaar,L3.2,side,find,钱包不见了,The Wallet in the Cellar,grandpa_lantern,night_bazaar/npc/level_1_mid,Y,,quest_offer:talk → treasure:reach → miniboss:fight → item:pickup → quest_offer:turn_in,8,144,120,1× honey,,,,9.0,162,0,C668=钱包 C191=红色 C205=大 C206=小 C693=旧 C703=大小,q3_bazaar_cellars_1_npc_1,"Track the old lantern seller's red wallet to the mimic that swallowed it, and give it back."
q3_slime_rainbow,3,night_bazaar,L3.2,side,slay,彩虹史莱姆,Slime Rainbow,dye_maker_lan,crossroads_highway/town/entry_town,Y,"{""bossDefeated"": ""crossroads_highway""}",quest_offer:talk → edge_battle:kill → quest_offer:turn_in,5,90,90,,,,,5.0,90,0,C191=红色 C192=黄色 C193=蓝色 C194=绿色 C197=粉色 C198=紫色,,"Defeat a red, a yellow, a blue and a green slime so the dye-maker can paint the market."
q4_lost_schoolbag,4,cave_mouth,L4.1,side,find,书包在哪儿,Xiaohu's Schoolbag,xiaohu,cave_mouth/village/outpost,Y,,quest_offer:talk → portal:reach → item:pickup → quest_offer:turn_in,7,189,135,1× honey,,,,8.0,216,0,C229=书包 C226=书 C227=笔 C228=铅笔 C281=孩子,,Find Xiaohu's schoolbag in the Cave Mouth and bring it back to the miners' camp.
q4_glow_moss,4,cave_mouth,L4.1,side,fetch,石大叔的灯,Uncle Shi's Lamps,uncle_shi,cave_mouth/npc/level_1_mid,Y,,quest_offer:talk → edge_battle:collect → quest_offer:turn_in,9,243,135,1× honey,,,,10.0,270,0,C286=叔叔 C281=孩子 C718=小朋友 C222=老师,q4_goblin_caves_1_npc_1,Collect 5 clumps of glow-moss from cave bats so Uncle Shi's dwarves can light the mine again.
q4_free_classmates,4,crystal_tunnels,L4.2,main,rescue,救同学,Three Kids in the Crystal Tunnels,teacher_zhang,crystal_tunnels/story/level_2_start,N (other NPC),"{""bossDefeated"": ""cave_mouth""}",story:pickup → story:talk → miniboss:fight → story:talk → quest_offer:turn_in,4,108,225,,shield_t4_fine (Fine Stone Shield),,,13.8,372,0,C224=同学 C223=学生 C222=老师 C253=请再说一遍 C255=我有问题 C740=安静,,Use Teacher Zhang's paper-plane note to find three classmates hidden in the Crystal Tunnels and send them home.
q4_homework,4,goblin_school,L4.3,side,slay,作业回来了,Homework Rescue,teacher_zhang,goblin_school/story/level_3_classroom,Y,"{""bossDefeated"": ""goblin_school""}",quest_offer:talk → edge_battle:kill → quest_offer:turn_in,5,135,135,1× honey,,,,6.0,162,0,C233=作业 C234=考试 C763=作弊 C261=赢 C262=输 C271=不公平,,Beat 6 goblin hall monitors to win back the class's homework for Teacher Zhang.
q4_school_bell,4,goblin_school,L4.3,main,deliver,新学校的钟,A Bell for a Real School,uncle_shi,cave_mouth/village/outpost,N (other NPC),"{""bossDefeated"": ""goblin_school""}",quest_offer:talk → portal:reach → quest_offer:deliver,5,135,180,1× feather,,,,7.0,189,0,C221=学校 C248=老师好 C231=上课 C232=下课 C239=学习 C292=帮助,,"Carry the dwarves' new bell down to Teacher Zhang, who is opening a real school for the goblins."
q5_invitations,5,misty_marsh,L5.1,side,deliver,生日请帖,Grandpa Turtle's Birthday Invitations,grandpa_turtle,misty_marsh/town/entry_town,Y,,quest_offer:talk → quest_offer:deliver → quest_offer:deliver → quest_offer:deliver → quest_offer:turn_in,6,216,240,1× bighoney,,,,8.0,288,0,C322=生日 C308=年 C309=月 C310=号 C311=星期 C325=几点,,Hand Grandpa Turtle's birthday invitations to three friends around the swamp and come back for cake.
q5_muddy_road,5,misty_marsh,L5.1,side,slay,别迟到,Mud on the School Road,ferry_auntie,misty_marsh/village/outpost,Y,,quest_offer:talk → edge_battle:kill → quest_offer:turn_in,6,216,180,,,,,6.0,216,0,C781=迟到 C782=准时 C304=早上 C313=点 C323=马上,,Clear 8 bog monsters off the morning road so the swamp kids stop being late for school.
q5_escort_xiaohe,5,misty_marsh,L5.1,side,escort,送小荷回家,Xiaohe in the Mist,xiaohe,misty_marsh/npc/branch,N (other NPC),,quest_offer:talk → edge_battle:escort → story:reach → quest_offer:turn_in,6,216,180,1× honey,,,,7.0,252,0,C320=一会儿 C303=现在 C318=以后 C319=以前 C784=刚才 C307=晚上,q5_realm_5_npc_1,Walk little Xiaohe safely through the fog to her grandma's house at the outpost.
q5_pocket_watches,5,hydra_s_lair,L5.2,side,fetch,怀表,Tick-Tock Lizards,grandpa_turtle,misty_marsh/town/entry_town,Y,"{""bossDefeated"": ""misty_marsh""}",quest_offer:talk → edge_battle:collect → quest_offer:turn_in,6,216,180,,,,,6.0,216,0,C314=分钟 C315=小时 C317=时间 C777=刻 C326=现在几点,,Take back 5 pocket watches from the bog lizards so Grandpa Turtle can fix the town clock.
q5_lost_fishers,5,hydra_s_lair,L5.2,side,rescue,迷路的渔夫,Two Sons in the Lair,old_fisher,hydra_s_lair/npc/level_1_entry,Y,,quest_offer:talk → story:talk → story:talk → miniboss:fight → quest_offer:turn_in,6,216,300,1× honey,,,,7.0,252,0,C799=半天 C315=小时 C316=时候 C785=后来 C786=从前,q5_hydra_lair_1_npc_1,"Find the old fisher's two sons deep in the Hydra's Lair, chase off the wisp that lured them, and report back."
q5_fog_bottle,5,hydra_s_lair,L5.2,main,slay,雾瓶,Madame Mist's Fog Bottle,grandpa_turtle,misty_marsh/town/entry_town,Y,"{""flag"": ""met_madame_mist""}",quest_offer:talk → portal:reach → miniboss:fight → item:pickup → quest_offer:turn_in,0,0,360,,shield_t5_heroic (Turtle-Shell Shield),,,14.1,507,0,C539=虽然……但是…… C821=如果……就…… C820=先……然后…… C542=一……就…… C324=已经,,Beat the guardians of Madame Mist's fog bottle on the Lair's lower level and bring it to Grandpa Turtle to seal.
q6_medicine_herbs,6,gloomy_village,L6.1,main,fetch,找草药,Herbs for Dr. An,dr_an,gloomy_village/town/entry_town,Y,,quest_offer:talk → item:pickup → story:reach → quest_offer:turn_in,8,360,300,,,,,8.0,360,0,C400=药 C399=医生 C398=生病 C402=休息 C366=担心 C383=别担心,,Gather 3 sun-herbs from the foggy village's corners so Dr. An can brew medicine.
q6_hot_soup,6,gloomy_village,L6.1,side,deliver,送热汤,Hot Soup Rounds,cook_ma,gloomy_village/village/outpost_1,Y,"{""bossDefeated"": ""gloomy_village""}",quest_offer:talk → quest_offer:deliver → quest_offer:deliver → quest_offer:deliver → quest_offer:turn_in,5,225,225,1× honey,,,,6.0,270,0,C635=汤 C386=你怎么了 C385=你没事吧 C403=我头疼 C384=没事 C358=开心,,Carry Cook Ma's hot soup to three recovering villagers and ask how they feel.
q6_old_mine,6,gloomy_village,L6.1,side,rescue,老矿井,Trapped in the Old Mine,miner_gao,gloomy_village/npc/optional_dungeon,Y,,portal:reach → quest_offer:talk → miniboss:fight → story:reach → quest_offer:turn_in,7,315,375,1× honey,,,,8.0,360,0,C362=害怕 C378=我很害怕 C381=别怕 C361=怕 C401=受伤 C406=我受伤了,q6_old_mine_1_npc_1,Cure the zombies blocking the Old Mine tunnel and lead two scared miners out.
q6_lost_dog,6,moonlit_graveyard,L6.2,side,find,小黑去哪儿了,Where's Blackie?,gravekeeper_zhou,moonlit_graveyard/npc/level_1_entry,Y,,quest_offer:talk → nothing:reach → story:pickup → quest_offer:turn_in,5,225,225,1× honey,,,,6.0,270,0,C148=狗 C408=找 C409=找到 C410=看见 C414=回来 C871=抱,q6_moonlit_crypt_1_npc_1,Follow the paw prints into the Moonlit Crypt and bring the gravekeeper's dog Blackie home.
q6_rattle_bones,6,moonlit_graveyard,L6.2,side,slay,吵闹的骷髅,Too Much Rattling,gravekeeper_zhou,moonlit_graveyard/npc/level_1_entry,Y,"{""questClaimed"": ""q6_lost_dog""}",quest_offer:talk → edge_battle:kill → quest_offer:turn_in,5,225,225,,,,,5.0,225,0,C881=掉 C869=扔 C416=放 C415=拿 C417=打开,q6_moonlit_crypt_1_npc_1,Scatter 8 rattle skeletons so the gravekeeper can replant the flowers.
q6_knight_dad,6,moonlit_graveyard,L6.2,main,rescue,骑士爸爸,"Cure My Dad, the Knight",lingling,moonlit_graveyard/npc/level_2_entry,Y,,quest_offer:talk → story:reach → miniboss:fight → quest_offer:turn_in,0,0,450,,shield_t6_fine (Fine Silver Shield),,,13.8,621,0,C273=爸爸 C862=你好点儿了吗 C847=舒服 C874=治好 C872=变 C885=他变成了丧尸,q6_moonlit_crypt_2_npc_1,"Cure Lingling's dad, the Zombie Knight, in the lower crypt and bring father and daughter back together."
q7_glacier_roses,7,windy_cliffs,L7.1,side,fetch,三朵冰川玫瑰,Three Glacier Roses,granny_xue,windy_cliffs/village/outpost_1,Y,"{""bossDefeated"": ""windy_cliffs""}",quest_offer:talk → item:pickup → portal:reach → item:pickup → miniboss:fight → item:pickup → quest_offer:turn_in,0,0,450,,,snowball_volley,,0.0,0,1080,C936=冰 C476=雪 C474=下雪 C471=冷 C142=花 C450=山,,Collect 3 glacier roses from the snowy cliffs and the Cloud Caves; Granny Xue teaches you Snowball Volley.
q7_lost_mapmaker,7,windy_cliffs,L7.1,side,escort,我迷路了,The Lost Map-Maker,mapmaker_lu,windy_cliffs/npc/branch,N (other NPC),,quest_offer:talk → story:reach → edge_battle:escort → quest_offer:turn_in,4,216,270,2× feather,,,,8.0,432,0,C908=我迷路了 C907=迷路 C453=地图 C457=往左走 C458=往右走 C456=一直走,q7_realm_7_npc_1,Guide the lost map-maker back to Cloud Ridge by reading the cliff signposts.
q7_harpy_socks,7,windy_cliffs,L7.1,side,slay,鹰身女妖,Harpies on the Washing Line,laundry_auntie,windy_cliffs/town/entry_town,Y,,quest_offer:talk → edge_battle:kill → quest_offer:turn_in,4,216,270,1× honey,,,,5.0,270,0,C428=上 C429=下 C430=上边 C431=下边 C441=远 C442=近,,Shoo away 8 sock-stealing harpies from Cloud Ridge's washing lines.
q7_golem_sign,7,windy_cliffs,L7.1,side,slay,一直走的石头人,The Golem Who Only Walks Straight,road_warden_he,windy_cliffs/npc/mid_zone,Y,,quest_offer:talk → miniboss:fight → item:pickup → quest_offer:turn_in,6,324,360,1× honey,,,,7.0,378,0,C456=一直走 C901=路口 C437=东 C438=西 C439=南 C440=北,q7_realm_7_npc_2,Stop the golem that keeps walking straight through houses and bring back the crossroads signpost.
q7_griffin_feathers,7,griffin_summit,L7.2,side,fetch,狮鹫羽毛,Shed Griffin Feathers,yezi,griffin_summit/npc/level_1,Y,"{""bossDefeated"": ""windy_cliffs""}",quest_offer:talk → item:pickup → quest_offer:turn_in,4,216,270,1× honey,,,,5.0,270,0,C941=羽毛 C466=飞 C482=云 C477=风 C924=天空,q7_griffin_spire_1_npc_1,Pick up 3 shed griffin feathers from the Spire's nests for Yezi's elf arrows.
q7_griffin_chick,7,griffin_summit,L7.2,side,rescue,小狮鹫回家,A Chick Far From the Nest,griffin_chick,griffin_summit/npc/level_2,N (other NPC),,quest_offer:talk → miniboss:fight → edge_battle:escort → quest_offer:turn_in,9,486,450,1× manatea,,,,15.0,810,0,C912=下去 C911=上来 C915=进去 C914=出来 C913=回去 C468=到了,q7_griffin_spire_2_npc_1,Save a griffin chick from harpies and carry it up the Spire to its mother below the King's roost.
q7_forecast,7,griffin_summit,L7.2,side,deliver,天气预报,Tomorrow's Weather,weather_sage,windy_cliffs/town/entry_town,Y,"{""bossDefeated"": ""windy_cliffs""}",quest_offer:talk → quest_offer:deliver → quest_offer:deliver → quest_offer:turn_in,3,162,270,1× feather,,,,5.0,270,0,C939=天气预报 C940=明天会下雨吗 C470=天气 C473=下雨 C478=晴 C932=打雷,,Run the weather sage's storm forecast out to both Cloud Ridge outposts.
q8_fire_demon,8,training_pits,L8.1,side,slay,火魔烧庄稼,The Fire Demon in the Wheat,farmer_wang,training_pits/village/outpost_1,Y,,quest_offer:talk → story:reach → miniboss:fight → quest_offer:turn_in,0,0,525,,shield_t8_fine (Fine Tower Shield),,,15.3,966,0,C497=跳舞 C946=跳 C489=运动 C964=努力 C508=我们去玩吧,,"Defeat Blaze, the dancing fire demon burning Farmer Wang's crops, and his troll helpers."
q8_lost_ball,8,training_pits,L8.1,side,find,足球在哪儿,Ball Over the Wall,troll_kid_dudu,training_pits/npc/branch,Y,,quest_offer:talk → portal:reach → item:pickup → quest_offer:turn_in,4,252,315,1× honey,,,,5.0,315,0,C490=足球 C492=踢足球 C942=打球 C946=跳 C508=我们去玩吧,q8_realm_8_npc_1,Fetch a young troll's soccer ball from the Beast Pens and take his penalty-kick challenge.
q8_training,8,training_pits,L8.1,side,slay,训练,Coach Niu's Drills,coach_niu,training_pits/town/entry_town,Y,,quest_offer:talk → edge_battle:kill → quest_offer:turn_in,4,252,315,1× honey,,,,5.0,315,0,C952=训练 C953=教练 C951=练 C964=努力 C965=坚持 C955=对手,,Win 8 fights against arena trolls to finish Coach Niu's drills.
q8_bronze_medals,8,grand_colosseum,L8.2,side,fetch,铜奖牌,Medals for the Museum,curator_bao,grand_colosseum/npc/level_2,Y,"{""bossDefeated"": ""training_pits""}",quest_offer:talk → edge_battle:collect → quest_offer:turn_in,6,378,315,,,,,6.0,378,0,C956=冠军 C957=第一名 C961=胜利 C962=失败 C963=成功,q8_undercroft_2_npc_1,Win back 5 bronze medals from ogre gladiators for the Colosseum's little museum.
q8_fan_letters,8,grand_colosseum,L8.2,side,deliver,球迷的信,Fan Mail for Dachui,fan_xiaoli,training_pits/village/outpost_2,Y,"{""bossDefeated"": ""training_pits""}",quest_offer:talk → portal:reach → quest_offer:deliver → quest_offer:turn_in,4,252,315,1× feather,,,,6.0,378,0,C975=球迷 C974=明星 C517=真的吗 C513=太棒了 C534=恭喜,,Deliver the fan club's letters to the Ogre Champion's manager under the Colosseum.
q8_singer_escort,8,grand_colosseum,L8.2,main,escort,开幕歌手,The Opening Song,singer_meimei,grand_colosseum/npc/level_1,auto,"{""bossDefeated"": ""training_pits""}",quest_offer:talk → miniboss:fight → edge_battle:escort → story:reach,6,378,525,,,,,6.0,378,0,C496=唱歌 C972=歌 C973=歌手 C966=观众 C967=表演 C523=加油,q8_undercroft_1_npc_2,Lead the anthem singer through the Undercroft past Pipi's hecklers so the final can begin.
q8_caged_beasts,8,training_pits,L8.1,side,rescue,放动物出来,Open the Beast Pens,vet_ji,training_pits/village/outpost_2,Y,,quest_offer:talk → portal:reach → miniboss:fight → story:reach → quest_offer:turn_in,6,378,525,,,,,6.0,378,0,C657=大象 C156=老虎 C151=马 C146=动物 C495=跑步,,"Beat the pen keepers in the Beast Pens and set an elephant, a tiger and a horse free."
q9_pact_elves,9,demon_king_s_gate,L9.1,main,find,精灵的宝石,The Elves' Moonstone,yezi,demon_king_s_gate/village/lantern_outpost_1,Y,,quest_offer:talk → portal:reach → miniboss:fight → story:pickup → quest_offer:turn_in,5,360,720,1× bighoney,,,,7.0,504,0,C1009=认为 C550=同意 C555=我觉得…… C557=相信 C546=其实,,Win back the elves' moonstone from the Shadow Vault so the elves join the alliance.
q9_pact_dwarves,9,demon_king_s_gate,L9.1,main,fetch,矮人的水晶,Shadow Crystals for the Forge,uncle_shi,demon_king_s_gate/village/lantern_outpost_2,Y,,quest_offer:talk → edge_battle:collect → quest_offer:turn_in,4,288,480,1× honey,,,,5.0,360,0,C997=只要……就…… C1012=办法 C1014=好主意 C1020=必须 C1013=主意,,Collect 5 shadow crystals from imps so Uncle Shi's dwarves can rebuild the Harmony Bell's frame.
q9_pact_beastfolk,9,throne_hall,L9.2,main,slay,兽人的战斗,Side by Side with Dachui,dachui,demon_king_s_gate/village/lantern_outpost_3,Y,"{""bossDefeated"": ""demon_king_s_gate""}",quest_offer:talk → edge_battle:kill → story:reach → quest_offer:turn_in,4,288,480,1× honey,,,,5.0,360,0,C583=兽人 C580=人类 C540=不但……而且…… C561=勇敢 C1021=团结 C1022=合作,,Defeat 6 demon knights in the Throne Hall levels to earn the beastfolk's trust.
q9_dragonlings,9,demon_king_s_gate,L9.1,main,rescue,救小龙们,The Caged Dragonlings,wind_dragon,demon_king_s_gate/town/entry_town,Y,,quest_offer:talk → story:talk → story:talk → miniboss:fight → story:talk → quest_offer:turn_in,6,432,720,1× bighoney,,,,8.0,576,0,C296=救 C999=除了……以外 C1003=于是 C549=终于 C548=最后,,Free three caged dragonlings in the castle's first levels so the dragons join the alliance.
q9_second_wind,9,demon_king_s_gate,L9.1,main,fetch,白奶奶最后一课,Granny Bai's Last Lesson,granny_bai,demon_king_s_gate/town/entry_town,Y,"{""any"": [{""flag"": ""pact_elves""}, {""flag"": ""pact_dwarves""}, {""flag"": ""pact_dragons""}]}",quest_offer:talk → treasure:pickup → quest_offer:words → quest_offer:turn_in,3,216,720,,,,second_wind,3.0,216,0,C565=不要放弃 C564=放弃 C561=勇敢 C1002=就算 C554=一定,,Recover Granny Bai's old hero badge and learn 12 Gate words; she teaches you Second Wind.
q9_pipi_surrender,9,throne_hall,L9.2,main,escort,皮皮投降,Pipi Gives Up,pipi,demon_king_s_gate/npc/castle_level_2,N (other NPC),"{""bossDefeated"": ""demon_king_s_gate""}",quest_offer:talk → edge_battle:escort → quest_offer:turn_in,4,288,480,,,,,4.0,288,0,C1028=投降 C1027=逃跑 C1046=秘密 C1047=真相 C568=坏人,q9_demon_castle_2_npc_2,"Bring the abandoned imp Pipi safely back to Lantern Light Camp, where he trades a secret key for a second chance."
q9_lanterns,9,demon_king_s_gate,L9.1,side,deliver,灯火,Light Every Lantern,lantern_keeper_deng,demon_king_s_gate/town/entry_town,Y,,quest_offer:talk → quest_offer:deliver → quest_offer:deliver → quest_offer:deliver → quest_offer:turn_in,4,288,360,1× feather,,,,6.0,432,0,C1007=为了 C1005=否则 C552=应该 C553=可能 C1006=因此,,Carry lantern oil to Lantern Light Camp's three outposts to keep the Demon King's fog away.
