tier,acc,cap,spoken_share,in_battle_accuracy,defeat_rate,patrols_per_location,minutes_per_location,items_proficient_at_end
1,0.50,none,0.56,0.45,0.00,11.23,57.50,0.25
1,0.50,50%,0.49,0.47,0.00,12.78,61.12,0.25
1,0.65,none,0.57,0.60,0.00,8.55,44.62,0.25
1,0.65,50%,0.49,0.61,0.00,9.75,47.36,0.25
1,0.75,none,0.56,0.70,0.00,7.48,39.32,0.26
1,0.75,50%,0.49,0.71,0.00,8.86,41.56,0.25
1,0.90,none,0.56,0.85,0.00,6.60,33.08,0.26
1,0.90,50%,0.50,0.85,0.00,7.77,34.75,0.25
5,0.50,none,0.56,0.45,0.16,8.70,71.91,0.26
5,0.50,50%,0.48,0.46,0.14,10.17,75.11,0.25
5,0.65,none,0.56,0.60,0.03,6.47,54.69,0.25
5,0.65,50%,0.48,0.61,0.03,7.45,57.41,0.25
5,0.75,none,0.56,0.69,0.00,5.59,47.55,0.25
5,0.75,50%,0.48,0.70,0.00,6.83,50.08,0.25
5,0.90,none,0.56,0.84,0.00,5.27,40.06,0.25
5,0.90,50%,0.49,0.85,0.00,6.08,41.38,0.25
9,0.50,none,0.56,0.45,0.21,9.51,85.71,0.25
9,0.50,50%,0.48,0.46,0.19,11.07,90.76,0.25
9,0.65,none,0.56,0.60,0.04,7.86,65.84,0.25
9,0.65,50%,0.48,0.61,0.03,8.90,68.46,0.24
9,0.75,none,0.55,0.69,0.00,7.10,56.94,0.24
9,0.75,50%,0.48,0.71,0.00,8.07,59.67,0.24
9,0.90,none,0.55,0.84,0.00,6.81,48.15,0.25
9,0.90,50%,0.49,0.85,0.00,7.59,50.08,0.24
