tier,acc,elites,defeat_rate,battles_between_restores,minutes_per_location,gear_gold
1,0.50,off,0.00,3.43,61.11,587
1,0.50,on,0.00,3.34,61.12,599
1,0.65,off,0.00,4.71,47.37,593
1,0.65,on,0.00,4.54,47.36,604
1,0.75,off,0.00,6.49,41.48,608
1,0.75,on,0.00,6.35,41.56,615
5,0.50,off,0.12,1.72,74.68,2261
5,0.50,on,0.13,1.69,75.02,2278
5,0.65,off,0.03,2.66,57.51,2870
5,0.65,on,0.03,2.58,57.31,2879
5,0.75,off,0.00,3.86,49.78,3189
5,0.75,on,0.00,3.77,49.95,3214
9,0.50,off,0.18,1.42,90.76,4828
9,0.50,on,0.19,1.41,90.23,4839
9,0.65,off,0.03,2.05,68.42,6779
9,0.65,on,0.04,2.05,68.97,6911
9,0.75,off,0.00,2.95,59.32,7736
9,0.75,on,0.00,2.85,59.80,7815
