mechanic,tier,acc,special,win_rate,questions,hp_lost_share_of_max,summons_per_fight
queen_bee,2,0.50,off,0.99,40.89,0.50,0.00
queen_bee,2,0.50,on,0.01,59.12,1.00,4.97
queen_bee,2,0.65,off,1.00,34.12,0.39,0.00
queen_bee,2,0.65,on,0.45,101,0.87,10.78
queen_bee,2,0.75,off,1.00,30.34,0.26,0.00
queen_bee,2,0.75,on,0.96,95.09,0.55,10.96
queen_bee,2,0.90,off,1.00,23.75,0.06,0.00
queen_bee,2,0.90,on,1.00,58.66,0.25,7.06
hydra,5,0.50,off,0.72,38.17,0.74,0.00
hydra,5,0.50,on,0.52,39.37,0.84,0.00
hydra,5,0.65,off,0.99,34.38,0.48,0.00
hydra,5,0.65,on,0.96,37.43,0.54,0.00
hydra,5,0.75,off,1.00,29.97,0.36,0.00
hydra,5,0.75,on,1.00,33.01,0.41,0.00
hydra,5,0.90,off,1.00,23.98,0.11,0.00
hydra,5,0.90,on,1.00,26.31,0.15,0.00
shadow_dragon,9,0.50,off,0.98,33.11,0.54,0.00
shadow_dragon,9,0.50,on,0.98,33.07,0.54,0.00
shadow_dragon,9,0.65,off,1.00,27.24,0.38,0.00
shadow_dragon,9,0.65,on,1.00,27.26,0.38,0.00
shadow_dragon,9,0.75,off,1.00,23.92,0.24,0.00
shadow_dragon,9,0.75,on,1.00,23.92,0.24,0.00
shadow_dragon,9,0.90,off,1.00,18.87,0.06,0.00
shadow_dragon,9,0.90,on,1.00,18.87,0.06,0.00
troll,8,0.50,off,1.00,19.11,0.41,0.00
troll,8,0.50,on,1.00,19.18,0.41,0.00
troll,8,0.65,off,1.00,16.27,0.24,0.00
troll,8,0.65,on,1.00,16.29,0.24,0.00
troll,8,0.75,off,1.00,14.68,0.14,0.00
troll,8,0.75,on,1.00,14.69,0.14,0.00
troll,8,0.90,off,1.00,12.55,0.03,0.00
troll,8,0.90,on,1.00,12.55,0.03,0.00
queen_bee_v3,2,0.50,off,0.99,40.89,0.50,0.00
queen_bee_v3,2,0.50,on,0.84,52.18,0.68,2.00
queen_bee_v3,2,0.65,off,1.00,34.12,0.39,0.00
queen_bee_v3,2,0.65,on,1.00,45.75,0.46,2.00
queen_bee_v3,2,0.75,off,1.00,30.34,0.26,0.00
queen_bee_v3,2,0.75,on,1.00,40.06,0.36,2.00
queen_bee_v3,2,0.90,off,1.00,23.75,0.06,0.00
queen_bee_v3,2,0.90,on,1.00,29.85,0.10,2.00
shadow_dragon_focus,9,0.50,off,0.98,33.11,0.54,0.00
shadow_dragon_focus,9,0.50,on,0.88,36.55,0.68,0.00
shadow_dragon_focus,9,0.65,off,1.00,27.24,0.38,0.00
shadow_dragon_focus,9,0.65,on,1.00,32.68,0.47,0.00
shadow_dragon_focus,9,0.75,off,1.00,23.92,0.24,0.00
shadow_dragon_focus,9,0.75,on,1.00,29.29,0.37,0.00
shadow_dragon_focus,9,0.90,off,1.00,18.87,0.06,0.00
shadow_dragon_focus,9,0.90,on,1.00,22.53,0.14,0.00
troll_tag,8,0.50,off,1.00,19.11,0.41,0.00
troll_tag,8,0.50,on,1.00,20.09,0.42,0.00
troll_tag,8,0.65,off,1.00,16.27,0.24,0.00
troll_tag,8,0.65,on,1.00,17.07,0.27,0.00
troll_tag,8,0.75,off,1.00,14.68,0.14,0.00
troll_tag,8,0.75,on,1.00,15.39,0.16,0.00
troll_tag,8,0.90,off,1.00,12.55,0.03,0.00
troll_tag,8,0.90,on,1.00,12.41,0.04,0.00
