spell,town,sold_from_h,first_affordable_realm_h,bought_by_of_runs,bought_realm_h_battle
小火球术 Small Fireball,2,3.1,"2, 3.6",59%,"2, 5.5, 116"
泡泡术 Bubble Spell,2,3.1,"2, 3.3",0%,-
雪球术 Snowball Volley,3,5.5,"3, 7.5",0%,-
小闪电术 Little Lightning,3,5.5,"3, 8.1",0%,-
火球术 Fireball,4,8.1,"4, 10.3",0%,-
旋风术 Whirlwind,4,8.1,"4, 10.9",2%,"4, 12.1, 219"
雪花术 Snowflake Dance,5,11.9,"5, 14.4",0%,-
闪电术 Lightning Bolt,5,11.9,"5, 12.6",0%,-
阳光术 Sunbeam,6,14.4,"6, 16.3",0%,-
大火球术 Big Fireball,6,14.4,"6, 17.1",0%,-
暴风雪术 Blizzard,7,17.2,"8, 23.5",0%,-
龙卷风术 Tornado,7,17.2,"7, 19.4",0%,-
流星术 Meteor,8,20.6,"8, 23.8",0%,-
雷雨术 Thunderstorm,8,20.6,"9, 25.3",0%,-
超暴风雪术 Super Blizzard,9,23.8,-,0%,-
流星雨术 Meteor Shower,9,23.8,"9, 23.6",0%,-
