tier,boss,hp_v3_5_v3_7_mult,atk_v3_5_v3_7,75_correct_no_spells_full_mp_spells,75_casts,75_questions_no_spells_spells,50_correct_no_spells_spells,50_win_no_spells_spells,90_correct_no_spells_spells
1,location,28 -> 34 (x1.2),5 -> 4,15.3 / 15.4,0.0,20.4 / 20.5,13.6 / 13.8,1.00 / 1.00,14.9 / 14.9
1,realm,38 -> 57 (x1.5),5 -> 4,20.1 / 20.0,0.0,27.0 / 26.7,17.8 / 17.9,1.00 / 1.00,18.5 / 18.6
2,location,45 -> 70 (x1.55),10 -> 8,17.4 / 15.4,1.5,23.2 / 20.8,15.5 / 13.4,1.00 / 1.00,16.5 / 15.4
2,realm,63 -> 104 (x1.65),10 -> 8,21.8 / 19.8,1.6,28.9 / 26.4,20.1 / 17.8,1.00 / 0.99,20.0 / 19.2
3,location,62 -> 118 (x1.9),14 -> 11,19.3 / 15.4,1.6,26.1 / 20.6,17.9 / 14.1,0.99 / 1.00,17.9 / 14.8
3,realm,88 -> 163 (x1.85),16 -> 13,23.6 / 19.6,1.6,31.3 / 26.1,22.5 / 18.7,0.90 / 0.96,21.2 / 17.9
4,location,80 -> 136 (x1.7),19 -> 15,16.7 / 15.0,1.6,22.3 / 20.1,15.7 / 13.4,0.99 / 1.00,15.4 / 14.4
4,realm,112 -> 118 (x1.05),21 -> 17,21.0 / 20.1,1.5,28.0 / 26.9,19.5 / 18.0,0.85 / 0.78,19.8 / 20.4
5,location,102 -> 189 (x1.85),24 -> 19,17.9 / 15.2,1.6,24.2 / 20.3,17.0 / 13.9,0.99 / 0.99,16.1 / 14.6
5,realm,144 -> 173 (x1.2),26 -> 21,22.6 / 19.7,1.5,30.0 / 26.5,21.3 / 18.3,0.78 / 0.80,20.6 / 18.5
6,location,120 -> 216 (x1.8),29 -> 23,16.5 / 15.0,1.6,21.9 / 20.0,15.7 / 13.9,0.99 / 1.00,15.4 / 14.7
6,realm,168 -> 185 (x1.1),31 -> 25,20.4 / 19.9,1.4,26.8 / 26.7,19.0 / 17.9,0.87 / 0.84,19.4 / 19.8
7,location,142 -> 241 (x1.7),34 -> 27,17.0 / 15.0,1.6,22.6 / 19.9,15.6 / 13.8,1.00 / 1.00,16.3 / 14.7
7,realm,200 -> 280 (x1.4),36 -> 29,23.9 / 19.7,1.4,31.9 / 26.1,22.5 / 18.0,0.70 / 0.92,22.2 / 18.6
8,location,160 -> 296 (x1.85),38 -> 30,17.8 / 15.1,1.6,23.7 / 20.2,16.7 / 13.8,1.00 / 1.00,16.4 / 14.6
8,realm,224 -> 246 (x1.1),42 -> 34,21.4 / 19.4,1.4,28.6 / 26.1,20.0 / 17.7,0.78 / 0.77,20.4 / 19.5
9,location,182 -> 346 (x1.9),43 -> 34,17.7 / 14.8,1.0,23.5 / 19.8,16.6 / 13.8,1.00 / 1.00,16.1 / 14.2
9,realm,256 -> 397 (x1.55),47 -> 38,24.9 / 19.8,1.0,33.1 / 26.4,24.3 / 18.4,0.62 / 0.88,22.8 / 18.2
