tier,acc,fight,win_rate,questions,hp_lost_share_of_max
1,0.50,normal only,1.00,14.25,0.18
1,0.50,with elite,1.00,20.29,0.35
1,0.65,normal only,1.00,12.27,0.11
1,0.65,with elite,1.00,17.46,0.22
1,0.75,normal only,1.00,11.10,0.07
1,0.75,with elite,1.00,15.85,0.15
1,0.90,normal only,1.00,9.36,0.03
1,0.90,with elite,1.00,13.36,0.06
2,0.50,normal only,1.00,14.43,0.25
2,0.50,with elite,1.00,22.09,0.41
2,0.65,normal only,1.00,12.48,0.14
2,0.65,with elite,1.00,18.68,0.26
2,0.75,normal only,1.00,11.38,0.08
2,0.75,with elite,1.00,16.76,0.15
2,0.90,normal only,1.00,9.69,0.02
2,0.90,with elite,1.00,14.04,0.04
5,0.50,normal only,0.99,20.05,0.46
5,0.50,with elite,0.94,26.16,0.57
5,0.65,normal only,1.00,17.58,0.30
5,0.65,with elite,0.99,22.70,0.39
5,0.75,normal only,1.00,15.90,0.19
5,0.75,with elite,1.00,20.27,0.26
5,0.90,normal only,1.00,13.52,0.05
5,0.90,with elite,1.00,16.72,0.08
9,0.50,normal only,0.97,23.27,0.55
9,0.50,with elite,0.87,28.23,0.65
9,0.65,normal only,1.00,19.89,0.37
9,0.65,with elite,0.99,24.32,0.44
9,0.75,normal only,1.00,17.83,0.25
9,0.75,with elite,1.00,21.74,0.31
9,0.90,normal only,1.00,15.51,0.06
9,0.90,with elite,1.00,18.22,0.09
