acc,kid,style,boss_1st_try,boss_q,boss_hp_lost,mp_at_boss_start,casts_per_boss_battle,normal_q,defeat,tea_gold_per_run,playthrough_h
50%,saver,no spells,0.928,36.8,58%,98%,0.00,20.9,9.4%,0,26.9
50%,saver,v3.7 free,0.920,35.8,61%,98%,0.46,20.4,8.3%,0,26.9
50%,saver,v3.7 save,0.920,35.7,61%,99%,0.46,20.9,9.2%,0,26.9
50%,saver,v3.7 save+tea,0.917,35.7,61%,99%,0.46,20.9,9.3%,1675,26.9
50%,spender,no spells,0.643,32.2,78%,98%,0.00,20.8,22.0%,0,18.3
50%,spender,v3.7 free,0.643,32.2,78%,98%,0.00,20.8,22.0%,0,18.3
50%,spender,v3.7 save,0.643,32.2,78%,98%,0.00,20.8,22.0%,0,18.3
50%,spender,v3.7 save+tea,0.643,32.2,78%,98%,0.00,20.8,22.0%,0,18.3
65%,saver,no spells,1.000,32.0,41%,96%,0.00,18.5,0.8%,0,20.7
65%,saver,v3.7 free,1.000,30.2,42%,94%,1.18,16.7,0.2%,0,20.8
65%,saver,v3.7 save,0.999,29.8,43%,97%,1.24,18.4,0.6%,0,20.6
65%,saver,v3.7 save+tea,0.999,29.9,42%,98%,1.25,18.4,0.7%,3546,20.6
65%,spender,no spells,0.964,31.6,48%,95%,0.00,18.6,3.4%,0,14.3
65%,spender,v3.7 free,0.964,31.3,48%,95%,0.15,18.3,3.1%,0,14.1
65%,spender,v3.7 save,0.964,31.3,48%,95%,0.15,18.5,3.4%,0,14.3
65%,spender,v3.7 save+tea,0.961,31.2,48%,95%,0.16,18.5,3.5%,1252,14.3
75%,saver,no spells,1.000,28.1,31%,90%,0.00,16.5,0.0%,0,18.0
75%,saver,v3.7 free,1.000,26.5,31%,89%,1.10,15.4,0.0%,0,17.9
75%,saver,v3.7 save,1.000,26.4,32%,94%,1.29,16.5,0.0%,0,17.9
75%,saver,v3.7 save+tea,1.000,26.5,31%,96%,1.30,16.5,0.0%,4325,17.9
75%,spender,no spells,1.000,28.0,31%,89%,0.00,16.7,0.1%,0,12.9
75%,spender,v3.7 free,0.999,27.6,31%,88%,0.45,16.1,0.1%,0,12.6
75%,spender,v3.7 save,0.999,27.4,31%,92%,0.54,16.6,0.1%,0,12.8
75%,spender,v3.7 save+tea,0.998,27.6,31%,93%,0.51,16.7,0.1%,4013,12.8
90%,saver,no spells,1.000,22.0,10%,70%,0.00,13.9,0.0%,0,14.9
90%,saver,v3.7 free,1.000,21.4,11%,72%,0.87,13.5,0.0%,0,14.9
90%,saver,v3.7 save,1.000,21.2,11%,89%,1.21,13.9,0.0%,0,14.8
90%,saver,v3.7 save+tea,1.000,21.2,11%,94%,1.34,13.9,0.0%,5927,14.8
90%,spender,no spells,1.000,22.1,10%,71%,0.00,14.0,0.0%,0,11.2
90%,spender,v3.7 free,1.000,21.7,11%,68%,0.48,13.7,0.0%,0,11.1
90%,spender,v3.7 save,1.000,21.6,11%,86%,0.81,14.0,0.0%,0,11.2
90%,spender,v3.7 save+tea,1.000,21.8,10%,88%,0.73,14.0,0.0%,5856,11.2
75%,saver,v3.7 free+tea,1.000,26.7,31%,94%,1.22,15.4,0.0%,3916,18.0
75%,spender,v3.7 free+tea,0.999,27.6,31%,93%,0.52,16.2,0.1%,4042,12.6
90%,saver,v3.7 free+tea,1.000,21.4,11%,91%,1.21,13.5,0.0%,6514,14.9
90%,spender,v3.7 free+tea,1.000,22.0,11%,88%,0.68,13.9,0.0%,6216,11.2
75%,saver,"no spells, far gate",0.997,28.1,22%,69%,0.00,16.5,0.0%,0,17.9
75%,saver,"v3.7 free, far gate",1.000,26.8,28%,81%,0.93,15.4,0.0%,0,18.0
75%,saver,"v3.7 save, far gate",1.000,27.0,26%,88%,1.14,16.5,0.0%,0,17.9
75%,saver,"v3.7 save+tea, far gate",0.998,26.8,24%,94%,1.23,16.5,0.0%,4329,17.9
50%,saver,"no spells, far gate",0.802,34.0,58%,87%,0.00,20.9,9.9%,0,27.0
50%,saver,"v3.7 free, far gate",0.815,34.0,59%,91%,0.33,20.4,8.8%,0,27.1
50%,saver,"v3.7 save, far gate",0.826,33.6,60%,91%,0.39,20.8,10.1%,0,27.1
50%,saver,"v3.7 save+tea, far gate",0.793,33.0,60%,93%,0.43,20.8,10.3%,1647,27.1
