realm,no_spells_gold_at_end,free_gold_at_end,save_gold_at_end,save_tea_gold_at_end,save_spells_owned,free_save_save_tea_mp_at_battle_start,free_save_save_tea_mp_at_boss_start,save_tea_teas_bought_drunk_tea_gold,save_spell_spend,save_gear_spend
1,741,741,741,741,0.0,100% / 100% / 100%,100% / 100% / 100%,"0.00 / 0.00, 0",0,35
2,1574,851,847,849,1.0,55% / 57% / 57%,72% / 77% / 77%,"0.00 / 0.57, 0",724,288
3,2911,2075,2040,2011,1.2,62% / 73% / 73%,89% / 90% / 98%,"0.33 / 1.25, 36",279,528
4,6071,2671,2846,2770,2.2,58% / 72% / 73%,89% / 96% / 100%,"0.61 / 1.75, 98",2228,912
5,8593,4769,4542,4259,2.5,66% / 77% / 77%,89% / 96% / 97%,"1.63 / 0.63, 878",1058,1560
6,12342,4282,4791,4037,3.2,62% / 77% / 78%,92% / 96% / 98%,"0.33 / 0.74, 225",2835,2160
7,17217,7323,5234,6650,3.9,68% / 69% / 69%,92% / 99% / 100%,"1.12 / 1.12, 907",3924,2760
8,22389,7886,9021,6847,4.3,64% / 65% / 65%,92% / 99% / 100%,"1.19 / 1.19, 1121",2310,3360
9,27393,4537,5068,3431,5.3,62% / 67% / 67%,95% / 98% / 100%,"0.98 / 1.08, 1058",9173,4080
