realm,mode,battles,defeat,boss_1st_try,boss_q,normal_q,q_share_normal_elite_boss,casts_b_normal_boss,min_location,mp_at_battle_start,spell_castable_at_start,heals_b,full_gear,gold_start,min_gold,free_inns,spell_spend,gear_spend,proficient_at_end
1,no spells,52.4,0.0%,1.00,23.7,11.7,0.999 / 0.995 / 1.000,0.00 / 0.00,41.6,100%,0%,0.00,0.91,24,30,0.00,0,35,26%
1,v3.7 free,52.4,0.0%,1.00,23.7,11.7,0.999 / 0.995 / 1.000,0.00 / 0.00,41.6,100%,0%,0.00,0.91,24,30,0.00,0,35,26%
1,v3.7 save,52.4,0.0%,1.00,23.7,11.7,0.999 / 0.995 / 1.000,0.00 / 0.00,41.6,100%,0%,0.00,0.91,24,30,0.00,0,35,26%
1,v3.7 save+tea,52.4,0.0%,1.00,23.7,11.7,0.999 / 0.995 / 1.000,0.00 / 0.00,41.6,100%,0%,0.00,0.91,24,30,0.00,0,35,26%
2,no spells,39.4,0.0%,1.00,28.0,12.1,0.995 / 0.997 / 0.999,0.00 / 0.00,48.9,57%,0%,0.00,0.97,778,504,0.00,0,288,23%
2,v3.7 free,39.8,0.0%,1.00,27.5,11.9,0.991 / 0.995 / 0.991,0.05 / 0.24,48.6,55%,10%,0.00,0.97,778,504,0.00,727,288,23%
2,v3.7 save,39.4,0.0%,1.00,27.5,12.1,0.995 / 0.993 / 0.987,0.00 / 0.36,48.8,57%,12%,0.00,0.97,778,504,0.00,724,288,23%
2,v3.7 save+tea,39.4,0.0%,1.00,27.5,12.1,0.995 / 0.993 / 0.987,0.00 / 0.36,48.8,57%,12%,0.00,0.97,778,504,0.00,724,288,23%
3,no spells,36.9,0.0%,1.00,30.1,15.3,0.996 / 0.993 / 0.997,0.00 / 0.00,54.5,74%,0%,0.01,0.97,1646,1165,0.00,0,528,24%
3,v3.7 free,39.5,0.0%,1.00,29.4,14.1,0.964 / 0.972 / 0.976,0.47 / 0.64,54.4,62%,56%,0.00,0.97,924,443,0.00,234,528,24%
3,v3.7 save,36.7,0.0%,1.00,29.3,15.3,0.997 / 0.972 / 0.971,0.00 / 0.75,54.1,73%,81%,0.00,0.97,916,432,0.00,279,528,24%
3,v3.7 save+tea,36.7,0.0%,1.00,28.6,15.3,0.997 / 0.972 / 0.964,0.00 / 0.97,54.0,73%,81%,0.00,0.97,919,436,0.00,261,528,23%
4,no spells,46.8,0.0%,1.00,25.7,16.9,0.987 / 0.988 / 0.996,0.00 / 0.00,49.6,73%,0%,0.03,0.98,3003,2200,0.00,0,912,24%
4,v3.7 free,49.3,0.0%,1.00,23.7,15.6,0.933 / 0.944 / 0.943,0.96 / 1.36,49.2,58%,58%,0.00,0.98,2020,1206,0.00,2218,912,24%
4,v3.7 save,46.9,0.0%,1.00,23.5,16.7,0.989 / 0.936 / 0.931,0.00 / 1.62,49.1,72%,91%,0.01,0.98,1971,1169,0.00,2228,912,24%
4,v3.7 save+tea,47.2,0.0%,1.00,23.5,16.6,0.989 / 0.938 / 0.928,0.00 / 1.71,49.1,73%,92%,0.01,0.98,1960,1159,0.00,2200,912,24%
5,no spells,31.0,0.0%,1.00,28.5,16.7,0.988 / 0.988 / 0.994,0.00 / 0.00,49.5,77%,0%,0.04,0.97,6256,4848,0.00,0,1560,24%
5,v3.7 free,31.6,0.0%,1.00,28.5,16.5,0.933 / 0.960 / 0.949,1.03 / 1.31,50.3,66%,70%,0.01,0.97,2797,1374,0.00,194,1560,24%
5,v3.7 save,31.1,0.0%,1.00,28.0,16.9,0.989 / 0.945 / 0.945,0.00 / 1.41,49.9,77%,96%,0.02,0.97,2924,1510,0.00,1058,1560,25%
5,v3.7 save+tea,30.6,0.0%,1.00,28.1,17.1,0.988 / 0.946 / 0.943,0.00 / 1.48,49.8,77%,96%,0.02,0.97,2867,959,0.00,130,1560,24%
6,no spells,31.6,0.0%,1.00,26.6,19.2,0.987 / 0.983 / 0.997,0.00 / 0.00,57.6,78%,0%,0.08,0.97,8828,6920,0.00,0,2160,22%
6,v3.7 free,34.9,0.0%,1.00,25.0,16.9,0.927 / 0.946 / 0.960,1.16 / 0.94,57.2,62%,63%,0.00,0.97,4803,2781,0.00,3753,2160,22%
6,v3.7 save,31.4,0.0%,1.00,26.0,19.1,0.988 / 0.936 / 0.947,0.00 / 1.29,57.0,77%,96%,0.05,0.97,4391,2350,0.00,2835,2160,22%
6,v3.7 save+tea,31.4,0.0%,1.00,24.9,19.0,0.988 / 0.937 / 0.953,0.00 / 1.08,56.8,78%,97%,0.06,0.97,4377,2449,0.00,3213,2160,22%
7,no spells,36.9,0.0%,1.00,29.3,20.2,0.987 / 0.981 / 0.993,0.00 / 0.00,68.5,69%,0%,0.17,0.97,12605,10158,0.00,0,2760,22%
7,v3.7 free,40.2,0.0%,1.00,26.8,18.4,0.927 / 0.940 / 0.946,1.25 / 1.33,68.8,68%,72%,0.00,0.98,4614,2156,0.00,2484,2760,22%
7,v3.7 save,37.0,0.0%,1.00,26.0,20.1,0.988 / 0.944 / 0.939,0.00 / 1.50,67.8,69%,96%,0.18,0.97,5197,2673,0.00,3924,2760,22%
7,v3.7 save+tea,37.0,0.0%,1.00,27.2,20.1,0.988 / 0.944 / 0.937,0.00 / 1.53,68.2,69%,96%,0.18,0.97,4591,2052,0.00,1944,2760,22%
8,no spells,34.8,0.1%,1.00,28.0,20.1,0.988 / 0.985 / 0.993,0.00 / 0.00,63.4,64%,0%,0.18,0.97,17500,14483,0.00,0,3360,23%
8,v3.7 free,40.2,0.0%,1.00,25.2,17.1,0.926 / 0.935 / 0.925,1.17 / 1.89,63.6,64%,65%,0.00,0.98,6700,3239,0.00,3788,3360,23%
8,v3.7 save,34.9,0.0%,1.00,25.3,20.1,0.988 / 0.942 / 0.914,0.00 / 2.24,63.3,65%,94%,0.18,0.97,6032,2785,0.00,2310,3360,23%
8,v3.7 save+tea,34.6,0.0%,1.00,25.7,20.1,0.988 / 0.946 / 0.920,0.00 / 2.04,62.8,65%,94%,0.17,0.97,6581,3379,0.00,3188,3360,23%
9,no spells,32.8,0.0%,1.00,30.1,19.9,0.991 / 0.984 / 0.992,0.00 / 0.00,59.8,66%,0%,0.17,0.97,22726,19067,0.00,0,4080,23%
9,v3.7 free,36.4,0.0%,1.00,27.6,17.7,0.966 / 0.964 / 0.960,0.47 / 0.99,59.3,62%,94%,0.09,0.97,8287,815,0.00,9298,4080,23%
9,v3.7 save,33.1,0.0%,1.00,27.5,19.6,0.991 / 0.963 / 0.959,0.00 / 1.02,59.1,67%,97%,0.15,0.97,8819,851,0.00,9173,4080,23%
9,v3.7 save+tea,33.1,0.0%,1.00,27.5,19.8,0.991 / 0.960 / 0.958,0.00 / 1.05,59.5,67%,97%,0.16,0.97,7367,1006,0.00,7238,4080,23%
