tier,acc,speech,mp_preset,defeat_rate,battles_between_restores,heals_per_battle,upkeep_share,gear_gold,companion_attacks_per_battle
1,0.50,on,v2,0.00,3.32,0.00,0.31,596,1.53
1,0.50,on,regen_v2costs,0.00,3.34,0.00,0.30,599,1.53
1,0.50,on,regen_a,0.00,3.31,0.00,0.31,595,1.53
1,0.50,on,regen_b,0.00,3.32,0.00,0.30,589,1.52
1,0.50,on,regen_c,0.00,3.34,0.00,0.31,598,1.51
1,0.65,on,v2,0.00,4.51,0.00,0.20,600,0.97
1,0.65,on,regen_v2costs,0.00,4.65,0.00,0.20,607,0.97
1,0.65,on,regen_a,0.00,4.55,0.00,0.20,611,0.97
1,0.65,on,regen_b,0.00,4.59,0.00,0.20,601,0.97
1,0.65,on,regen_c,0.00,4.50,0.00,0.20,601,0.98
1,0.75,on,v2,0.00,6.23,0.00,0.14,617,0.66
1,0.75,on,regen_v2costs,0.00,6.17,0.00,0.14,616,0.66
1,0.75,on,regen_a,0.00,6.17,0.00,0.14,617,0.66
1,0.75,on,regen_b,0.00,6.19,0.00,0.14,615,0.64
1,0.75,on,regen_c,0.00,6.26,0.00,0.14,615,0.66
1,0.90,on,v2,0.00,13.21,0.00,0.06,641,0.25
1,0.90,on,regen_v2costs,0.00,13.13,0.00,0.06,641,0.26
1,0.90,on,regen_a,0.00,13.22,0.00,0.06,647,0.25
1,0.90,on,regen_b,0.00,13.16,0.00,0.06,643,0.24
1,0.90,on,regen_c,0.00,13.20,0.00,0.06,637,0.26
1,0.50,off,v2,0.00,3.44,0.00,0.26,446,1.34
1,0.50,off,regen_v2costs,0.00,3.51,0.00,0.25,451,1.33
1,0.50,off,regen_a,0.00,3.48,0.00,0.25,449,1.33
1,0.50,off,regen_b,0.00,3.47,0.00,0.25,451,1.32
1,0.50,off,regen_c,0.00,3.45,0.00,0.26,447,1.32
1,0.65,off,v2,0.00,5.04,0.00,0.16,446,0.77
1,0.65,off,regen_v2costs,0.00,5.15,0.00,0.16,446,0.76
1,0.65,off,regen_a,0.00,5.05,0.00,0.16,444,0.76
1,0.65,off,regen_b,0.00,5.08,0.00,0.16,447,0.78
1,0.65,off,regen_c,0.00,5.06,0.00,0.16,444,0.76
1,0.75,off,v2,0.00,7.22,0.00,0.11,449,0.48
1,0.75,off,regen_v2costs,0.00,7.40,0.00,0.10,449,0.47
1,0.75,off,regen_a,0.00,7.46,0.00,0.10,446,0.46
1,0.75,off,regen_b,0.00,7.45,0.00,0.10,447,0.46
1,0.75,off,regen_c,0.00,7.72,0.00,0.10,450,0.46
1,0.90,off,v2,0.00,16.97,0.00,0.04,446,0.08
1,0.90,off,regen_v2costs,0.00,17.73,0.00,0.04,453,0.08
1,0.90,off,regen_a,0.00,17.68,0.00,0.03,450,0.09
1,0.90,off,regen_b,0.00,16.73,0.00,0.04,449,0.09
1,0.90,off,regen_c,0.00,16.59,0.00,0.04,447,0.09
2,0.50,on,v2,0.00,2.24,0.21,0.47,671,1.59
2,0.50,on,regen_v2costs,0.01,2.96,0.41,0.37,792,1.61
2,0.50,on,regen_a,0.01,2.50,0.22,0.44,714,1.59
2,0.50,on,regen_b,0.01,2.49,0.17,0.43,721,1.58
2,0.50,on,regen_c,0.01,2.41,0.06,0.44,707,1.55
2,0.65,on,v2,0.00,3.10,0.05,0.30,798,1.02
2,0.65,on,regen_v2costs,0.00,4.79,0.17,0.21,896,1.04
2,0.65,on,regen_a,0.00,4.10,0.11,0.24,868,1.02
2,0.65,on,regen_b,0.00,4.12,0.09,0.24,865,1.01
2,0.65,on,regen_c,0.00,3.86,0.03,0.25,853,1.00
2,0.75,on,v2,0.00,4.24,0.01,0.21,851,0.70
2,0.75,on,regen_v2costs,0.00,6.88,0.06,0.13,929,0.71
2,0.75,on,regen_a,0.00,6.59,0.05,0.14,915,0.70
2,0.75,on,regen_b,0.00,6.34,0.04,0.14,917,0.71
2,0.75,on,regen_c,0.00,5.71,0.01,0.16,903,0.70
2,0.90,on,v2,0.00,8.71,0.00,0.09,943,0.33
2,0.90,on,regen_v2costs,0.00,18.30,0.00,0.04,966,0.31
2,0.90,on,regen_a,0.00,18.46,0.00,0.04,973,0.30
2,0.90,on,regen_b,0.00,17.67,0.00,0.05,970,0.31
2,0.90,on,regen_c,0.00,17.26,0.00,0.04,969,0.32
2,0.50,off,v2,0.00,2.43,0.15,0.38,593,1.38
2,0.50,off,regen_v2costs,0.00,3.37,0.32,0.29,651,1.41
2,0.50,off,regen_a,0.00,2.79,0.18,0.35,618,1.39
2,0.50,off,regen_b,0.00,2.81,0.15,0.34,614,1.38
2,0.50,off,regen_c,0.00,2.63,0.05,0.37,595,1.37
2,0.65,off,v2,0.00,3.62,0.02,0.23,635,0.81
2,0.65,off,regen_v2costs,0.00,5.41,0.10,0.16,694,0.85
2,0.65,off,regen_a,0.00,4.80,0.07,0.18,673,0.83
2,0.65,off,regen_b,0.00,4.90,0.06,0.17,676,0.83
2,0.65,off,regen_c,0.00,4.57,0.02,0.19,661,0.81
2,0.75,off,v2,0.00,5.24,0.00,0.15,659,0.52
2,0.75,off,regen_v2costs,0.00,8.81,0.02,0.09,704,0.52
2,0.75,off,regen_a,0.00,8.50,0.02,0.09,690,0.53
2,0.75,off,regen_b,0.00,8.24,0.02,0.10,694,0.51
2,0.75,off,regen_c,0.00,7.70,0.01,0.10,690,0.52
2,0.90,off,v2,0.00,14.49,0.00,0.03,689,0.12
2,0.90,off,regen_v2costs,0.00,19.91,0.00,0.01,709,0.15
2,0.90,off,regen_a,0.00,20.42,0.00,0.01,701,0.14
2,0.90,off,regen_b,0.00,20.61,0.00,0.01,707,0.12
2,0.90,off,regen_c,0.00,18.26,0.00,0.01,701,0.13
5,0.50,on,v2,0.08,1.80,0.91,0.42,2428,2.21
5,0.50,on,regen_v2costs,0.12,1.79,0.75,0.41,2393,2.18
5,0.50,on,regen_a,0.13,1.73,0.72,0.42,2304,2.15
5,0.50,on,regen_b,0.15,1.70,0.42,0.42,2302,2.10
5,0.50,on,regen_c,0.14,1.69,0.39,0.44,2257,2.10
5,0.65,on,v2,0.02,2.61,0.33,0.28,2868,1.57
5,0.65,on,regen_v2costs,0.01,2.82,0.39,0.26,2974,1.55
5,0.65,on,regen_a,0.01,2.70,0.34,0.27,2947,1.56
5,0.65,on,regen_b,0.03,2.53,0.23,0.29,2851,1.56
5,0.65,on,regen_c,0.03,2.56,0.22,0.28,2873,1.55
5,0.75,on,v2,0.00,3.55,0.13,0.19,3188,1.14
5,0.75,on,regen_v2costs,0.00,4.02,0.19,0.17,3223,1.15
5,0.75,on,regen_a,0.00,3.85,0.16,0.18,3213,1.13
5,0.75,on,regen_b,0.00,3.83,0.12,0.18,3249,1.13
5,0.75,on,regen_c,0.00,3.70,0.12,0.19,3180,1.14
5,0.90,on,v2,0.00,7.14,0.01,0.08,3452,0.57
5,0.90,on,regen_v2costs,0.00,9.84,0.03,0.06,3566,0.57
5,0.90,on,regen_a,0.00,9.20,0.02,0.06,3602,0.56
5,0.90,on,regen_b,0.00,9.11,0.02,0.06,3495,0.58
5,0.90,on,regen_c,0.00,9.34,0.02,0.06,3564,0.55
5,0.50,off,v2,0.05,1.99,0.67,0.36,1929,2.03
5,0.50,off,regen_v2costs,0.06,2.01,0.60,0.36,1967,2.00
5,0.50,off,regen_a,0.07,1.94,0.56,0.36,1927,1.99
5,0.50,off,regen_b,0.09,1.87,0.35,0.37,1862,1.97
5,0.50,off,regen_c,0.08,1.91,0.32,0.37,1886,1.91
5,0.65,off,v2,0.01,3,0.18,0.21,2243,1.31
5,0.65,off,regen_v2costs,0.00,3.18,0.24,0.20,2261,1.30
5,0.65,off,regen_a,0.00,3.06,0.22,0.21,2244,1.31
5,0.65,off,regen_b,0.01,3.01,0.16,0.21,2225,1.30
5,0.65,off,regen_c,0.01,2.93,0.14,0.22,2216,1.31
5,0.75,off,v2,0.00,4.18,0.06,0.13,2338,0.88
5,0.75,off,regen_v2costs,0.00,4.85,0.08,0.12,2357,0.87
5,0.75,off,regen_a,0.00,4.58,0.08,0.13,2322,0.88
5,0.75,off,regen_b,0.00,4.71,0.06,0.12,2324,0.87
5,0.75,off,regen_c,0.00,4.56,0.06,0.13,2339,0.88
5,0.90,off,v2,0.00,11.79,0.00,0.03,2479,0.30
5,0.90,off,regen_v2costs,0.00,11.44,0.00,0.03,2484,0.31
5,0.90,off,regen_a,0.00,12.35,0.00,0.02,2505,0.30
5,0.90,off,regen_b,0.00,11.59,0.00,0.03,2508,0.31
5,0.90,off,regen_c,0.00,12.23,0.00,0.03,2500,0.32
9,0.50,on,v2,0.14,1.67,1.98,0.39,5609,2.57
9,0.50,on,regen_v2costs,0.16,1.50,1.26,0.43,5332,2.43
9,0.50,on,regen_a,0.17,1.47,1.22,0.44,5006,2.43
9,0.50,on,regen_b,0.19,1.42,0.76,0.46,4900,2.32
9,0.50,on,regen_c,0.19,1.41,0.75,0.46,4775,2.33
9,0.65,on,v2,0.02,2.26,0.81,0.28,7080,1.81
9,0.65,on,regen_v2costs,0.02,2.22,0.69,0.29,6990,1.80
9,0.65,on,regen_a,0.03,2.18,0.65,0.29,6891,1.78
9,0.65,on,regen_b,0.03,2.05,0.44,0.31,6905,1.74
9,0.65,on,regen_c,0.03,2.02,0.44,0.31,6816,1.74
9,0.75,on,v2,0.00,2.97,0.32,0.19,7853,1.32
9,0.75,on,regen_v2costs,0.00,2.94,0.33,0.19,7756,1.33
9,0.75,on,regen_a,0.00,2.96,0.31,0.19,7759,1.32
9,0.75,on,regen_b,0.00,2.86,0.25,0.20,7739,1.31
9,0.75,on,regen_c,0.00,2.92,0.25,0.20,7749,1.31
9,0.90,on,v2,0.00,6.54,0.05,0.08,8782,0.72
9,0.90,on,regen_v2costs,0.00,6.82,0.05,0.07,8720,0.71
9,0.90,on,regen_a,0.00,6.90,0.05,0.07,8812,0.70
9,0.90,on,regen_b,0.00,6.72,0.04,0.07,8770,0.72
9,0.90,on,regen_c,0.00,6.51,0.04,0.08,8757,0.72
9,0.50,off,v2,0.07,1.80,1.45,0.35,4695,2.29
9,0.50,off,regen_v2costs,0.09,1.70,1.06,0.37,4491,2.24
9,0.50,off,regen_a,0.10,1.65,1.00,0.38,4290,2.21
9,0.50,off,regen_b,0.11,1.58,0.65,0.40,4086,2.15
9,0.50,off,regen_c,0.11,1.55,0.64,0.40,4265,2.15
9,0.65,off,v2,0.01,2.51,0.47,0.22,5328,1.50
9,0.65,off,regen_v2costs,0.01,2.51,0.46,0.22,5359,1.52
9,0.65,off,regen_a,0.01,2.49,0.41,0.22,5229,1.49
9,0.65,off,regen_b,0.01,2.36,0.31,0.24,5231,1.48
9,0.65,off,regen_c,0.01,2.35,0.31,0.24,5252,1.47
9,0.75,off,v2,0.00,3.60,0.16,0.14,5513,1.03
9,0.75,off,regen_v2costs,0.00,3.61,0.16,0.14,5474,1.04
9,0.75,off,regen_a,0.00,3.60,0.17,0.14,5480,1.06
9,0.75,off,regen_b,0.00,3.45,0.13,0.14,5465,1.05
9,0.75,off,regen_c,0.00,3.46,0.14,0.14,5507,1.05
9,0.90,off,v2,0.00,10.28,0.00,0.03,5706,0.37
9,0.90,off,regen_v2costs,0.00,11.13,0.00,0.03,5831,0.36
9,0.90,off,regen_a,0.00,10.67,0.00,0.03,5765,0.36
9,0.90,off,regen_b,0.00,10.51,0.01,0.03,5732,0.35
9,0.90,off,regen_c,0.00,10.72,0.00,0.03,5723,0.35
