profile,reading,mode,hours,delta_pct,path,side,back,patrols,battles_zone,defeats,defeat_rate,ready_gate,inn_paid,inn_free,feathers,feathers_bought,feather_gold,spells,gold_end,min_gold
50% saver no spells,False,v3.7,26.9,0.0,8.0,0.0,0.0,11.5,21.6,40.5,0.094,0.04,225,0,0,0,0,0,5727,28
50% saver no spells,False,beeline,27.97,4.0,7.6,0.0,1.3,12.2,22.2,52.2,0.117,0.03,201,0,8.7,7.6,599,0,5592,28
50% saver no spells,False,explore,31.37,16.6,6.9,4.5,2.7,6.9,22.1,25.0,0.057,0.12,221,0,16.6,14.6,1499,0,17656,29
50% saver free,False,v3.7,26.92,0.0,8.0,0.0,0.0,12.0,22.1,36.7,0.083,0.03,255,0,0,0,0,0.6,5405,28
50% saver free,False,beeline,28.02,4.1,7.6,0.0,1.3,12.4,22.4,51.6,0.115,0.03,210,0,9.3,8.3,631,0.2,5518,28
50% saver free,False,explore,31.24,16.0,6.6,4.9,2.9,8.6,24.1,14.1,0.029,0.1,315,0,26.4,24.2,2317,4.8,6756,29
50% spender no spells,False,v3.7,18.27,0.0,8.0,0.0,0.0,2.0,13.6,59.7,0.219,0.05,139,1,0,0,0,0,3834,12
50% spender no spells,False,beeline,20.5,12.2,7.8,0.0,1.4,4.4,15.2,71.1,0.234,0.03,116,1,1.1,0.1,10,0,4589,20
50% spender no spells,False,explore,26.99,47.7,7.1,4.6,2.7,2.0,17.6,39.2,0.111,0.12,170,0,2,0,0,0,15255,20
50% spender free,False,v3.7,18.27,0.0,8.0,0.0,0.0,2.0,13.6,59.7,0.219,0.05,139,1,0,0,0,0,3834,12
50% spender free,False,beeline,20.5,12.2,7.8,0.0,1.4,4.4,15.2,71.1,0.234,0.03,116,1,1.1,0.1,10,0,4589,20
50% spender free,False,explore,25.92,41.9,6.8,4.8,2.8,2.1,17.7,30.0,0.085,0.11,196,0,7.3,4.9,558,3.2,5928,20
65% saver no spells,False,v3.7,20.65,0.0,8.0,0.0,0.0,9.0,18.1,2.7,0.007,0.05,161,0,0,0,0,0,20877,29
65% saver no spells,False,beeline,21.37,3.5,7.4,0.0,0.8,9.1,18.3,3.2,0.009,0.05,153,0,7.7,6.7,522,0,21228,30
65% saver no spells,False,explore,25.26,22.3,6.8,4.5,2.2,4.7,19.2,0.9,0.002,0.15,164,0,15.5,13.5,1407,0,41400,31
65% saver free,False,v3.7,20.76,0.0,8.0,0.0,0.0,10.8,19.8,0.8,0.002,0.03,237,0,0,0,0,4.3,4123,29
65% saver free,False,beeline,21.56,3.8,7.4,0.0,1.0,10.4,19.8,1.3,0.003,0.04,216,0,16.2,14.7,1198,3.9,4747,30
65% saver free,False,explore,25.03,20.6,6.6,4.6,2.6,5.8,20.7,0.4,0.001,0.13,231,0,28.6,26.3,2589,7.2,5634,31
65% spender no spells,False,v3.7,14.29,0.0,8.0,0.0,0.0,2.0,11.3,7.7,0.034,0.05,106,0,0,0,0,0,9785,14
65% spender no spells,False,beeline,15.24,6.7,7.5,0.0,0.8,2.4,11.7,8.4,0.036,0.05,95,0,1,0,0,0,10988,25
65% spender no spells,False,explore,22.74,59.1,6.7,4.5,2.3,1.7,16.1,1.7,0.005,0.15,139,0,2,0,0,0,39710,25
65% spender free,False,v3.7,14.12,0.0,8.0,0.0,0.0,2.0,11.3,7,0.031,0.05,109,0,0,0,0,0.7,5006,14
65% spender free,False,beeline,15.16,7.3,7.5,0.0,0.8,2.4,11.7,8.0,0.034,0.05,97,0,2.2,0.7,79,0.7,5645,25
65% spender free,False,explore,22.05,56.1,6.6,4.7,2.6,1.8,16.6,1.0,0.003,0.13,177,0,12.7,10.0,1017,6.3,4716,25
75% saver no spells,False,v3.7,17.96,0.0,8.0,0.0,0.0,8.1,17.1,0.1,0.0,0.06,120,0,0,0,0,0,27386,30
75% saver no spells,False,beeline,18.5,3.0,7.4,0.0,0.5,8.3,17.3,0.1,0.0,0.05,116,0,6.5,5.5,443,0,27755,32
75% saver no spells,False,explore,22.25,23.8,6.8,4.4,2.0,4.1,18.3,0,0.0,0.16,125,0,13.8,11.8,1250,0,45273,32
75% saver free,False,v3.7,17.96,0.0,8.0,0.0,0.0,9.2,18.2,0.0,0.0,0.05,170,0,0,0,0,5.2,4665,30
75% saver free,False,beeline,18.66,3.9,7.4,0.0,0.7,9.2,18.3,0.0,0.0,0.05,161,0,16.6,15.2,1288,4.8,4417,32
75% saver free,False,explore,22.12,23.1,6.6,4.6,2.3,4.8,19.3,0.1,0.0,0.14,171,0,27.5,25.3,2488,8.0,4686,32
75% spender no spells,False,v3.7,12.86,0.0,8.0,0.0,0.0,2.0,11.0,0.3,0.001,0.06,81,0,0,0,0,0,15213,14
75% spender no spells,False,beeline,13.42,4.3,7.4,0.0,0.6,2.2,11.1,0.2,0.001,0.05,74,0,1,0,0,0,16052,31
75% spender no spells,False,explore,20.44,59.0,6.8,4.4,2.0,1.6,15.7,0.0,0.0,0.16,111,0,2,0,0,0,44472,31
75% spender free,False,v3.7,12.57,0.0,8.0,0.0,0.0,2.0,11.0,0.2,0.001,0.05,94,0,0,0,0,2.0,2161,14
75% spender free,False,beeline,13.24,5.3,7.4,0.0,0.6,2.2,11.1,0.1,0.001,0.05,83,0,4.2,2.4,240,1.8,4079,31
75% spender free,False,explore,19.97,58.9,6.7,4.5,2.2,1.7,16.1,0.1,0.0,0.14,141,0,13.9,11.1,1114,6.9,4340,31
90% saver no spells,False,v3.7,14.86,0.0,8.0,0.0,0.0,7.2,16.2,0,0.0,0.07,58,0,0,0,0,0,31248,33
90% saver no spells,False,beeline,15.27,2.8,7.4,0.0,0.2,7.7,16.4,0,0.0,0.06,56,0,4.3,3.3,290,0,31304,35
90% saver no spells,False,explore,18.7,25.9,6.9,4.2,1.6,3.8,17.5,0,0.0,0.16,61,0,8.5,6.8,782,0,49419,35
90% saver free,False,v3.7,14.86,0.0,8.0,0.0,0.0,7.6,16.6,0,0.0,0.06,79,0,0,0,0,6.2,5556,33
90% saver free,False,beeline,15.36,3.4,7.4,0.0,0.3,8.0,16.8,0,0.0,0.06,76,0,14.9,13.7,1189,5.3,6319,35
90% saver free,False,explore,18.75,26.1,6.9,4.3,1.7,4.0,17.9,0.0,0.0,0.16,83,0,24.1,22.0,2163,9.1,5129,35
90% spender no spells,False,v3.7,11.18,0.0,8.0,0.0,0.0,2.0,11.0,0,0.0,0.06,41,0,0,0,0,0,18785,17
90% spender no spells,False,beeline,11.34,1.4,7.4,0.0,0.3,2.1,10.8,0,0.0,0.05,39,0,1,0,0,0,18160,35
90% spender no spells,False,explore,17.25,54.3,6.9,4.2,1.5,1.6,15.2,0,0.0,0.16,56,0,2,0,0,0,47830,35
90% spender free,False,v3.7,11.04,0.0,8.0,0.0,0.0,2.0,11.0,0,0.0,0.06,50,0,0,0,0,3.0,2905,17
90% spender free,False,beeline,11.29,2.2,7.4,0.0,0.3,2.1,10.8,0,0.0,0.05,44,0,4.8,3.1,304,2.0,5950,35
90% spender free,False,explore,17.22,56.0,6.8,4.3,1.7,1.6,15.4,0,0.0,0.15,72,0,15.1,12.2,1264,7.8,5130,35
75% saver reading,True,v3.7,11.48,0.0,8.0,0.0,0.0,1.5,10.5,0,0.0,0.36,60,0,0,0,0,0,17560,32
75% saver reading,True,beeline,12.16,5.9,7.4,0.0,0.4,2.0,10.9,0,0.0,0.35,59,0,5.9,4.9,402,0,18303,33
75% saver reading,True,explore,17.99,56.6,6.8,4.3,1.8,0.7,14.6,0.0,0.0,0.6,82,0,11.6,9.7,1042,0,43457,33
75% spender reading,True,v3.7,11.25,0.0,8.0,0.0,0.0,1.2,10.2,0,0.0,0.36,59,0,0,0,0,0,17324,17
75% spender reading,True,beeline,11.85,5.3,7.4,0.0,0.5,1.5,10.3,0.0,0.0,0.35,57,0,1,0,0,0,18252,33
75% spender reading,True,explore,17.85,58.6,6.8,4.3,1.8,0.5,14.4,0,0.0,0.6,80,0,2,0,0,0,44390,33
