realm,acc,no_spells,free,save,save_tea,length_target_q
1,75%,1.00 / 23.7 / 0.00 / 17%,1.00 / 23.7 / 0.00 / 17%,1.00 / 23.7 / 0.00 / 17%,1.00 / 23.7 / 0.00 / 17%,~15 (location) / ~20 (realm) correct answers even with full-MP spells (v3.7)
1,50%,1.00 / 31.2 / 0.00 / 40%,1.00 / 31.2 / 0.00 / 40%,1.00 / 31.2 / 0.00 / 40%,1.00 / 31.2 / 0.00 / 40%,~15 (location) / ~20 (realm) correct answers even with full-MP spells (v3.7)
2,75%,1.00 / 28.0 / 0.00 / 26%,1.00 / 27.5 / 0.24 / 26%,1.00 / 27.5 / 0.36 / 27%,1.00 / 27.5 / 0.36 / 27%,~15 (location) / ~20 (realm) correct answers even with full-MP spells (v3.7)
2,50%,1.00 / 37.0 / 0.00 / 46%,1.00 / 36.9 / 0.04 / 45%,1.00 / 36.9 / 0.04 / 46%,1.00 / 36.9 / 0.04 / 45%,~15 (location) / ~20 (realm) correct answers even with full-MP spells (v3.7)
3,75%,1.00 / 30.1 / 0.00 / 31%,1.00 / 29.4 / 0.64 / 32%,1.00 / 29.3 / 0.75 / 33%,1.00 / 28.6 / 0.97 / 34%,~15 (location) / ~20 (realm) correct answers even with full-MP spells (v3.7)
3,50%,0.98 / 41.4 / 0.00 / 53%,0.97 / 39.6 / 0.54 / 53%,0.97 / 39.4 / 0.59 / 53%,0.98 / 39.4 / 0.60 / 53%,~15 (location) / ~20 (realm) correct answers even with full-MP spells (v3.7)
4,75%,1.00 / 25.7 / 0.00 / 28%,1.00 / 23.7 / 1.36 / 28%,1.00 / 23.5 / 1.62 / 31%,1.00 / 23.5 / 1.71 / 30%,~15 (location) / ~20 (realm) correct answers even with full-MP spells (v3.7)
4,50%,0.96 / 34.4 / 0.00 / 54%,0.95 / 32.0 / 1.17 / 58%,0.94 / 31.3 / 1.22 / 60%,0.94 / 31.3 / 1.23 / 59%,~15 (location) / ~20 (realm) correct answers even with full-MP spells (v3.7)
5,75%,1.00 / 28.5 / 0.00 / 33%,1.00 / 28.5 / 1.31 / 34%,1.00 / 28.0 / 1.41 / 32%,1.00 / 28.1 / 1.48 / 32%,~15 (location) / ~20 (realm) correct answers even with full-MP spells (v3.7)
5,50%,0.93 / 37.7 / 0.00 / 59%,0.92 / 37.1 / 0.28 / 60%,0.92 / 36.7 / 0.28 / 62%,0.93 / 36.8 / 0.27 / 61%,~15 (location) / ~20 (realm) correct answers even with full-MP spells (v3.7)
6,75%,1.00 / 26.6 / 0.00 / 31%,1.00 / 25.0 / 0.94 / 30%,1.00 / 26.0 / 1.29 / 32%,1.00 / 24.9 / 1.08 / 31%,~15 (location) / ~20 (realm) correct answers even with full-MP spells (v3.7)
6,50%,0.95 / 34.7 / 0.00 / 56%,0.94 / 33.8 / 0.20 / 57%,0.96 / 34.9 / 0.20 / 55%,0.95 / 34.9 / 0.18 / 56%,~15 (location) / ~20 (realm) correct answers even with full-MP spells (v3.7)
7,75%,1.00 / 29.3 / 0.00 / 32%,1.00 / 26.8 / 1.33 / 34%,1.00 / 26.0 / 1.50 / 32%,1.00 / 27.2 / 1.53 / 32%,~15 (location) / ~20 (realm) correct answers even with full-MP spells (v3.7)
7,50%,0.83 / 35.9 / 0.00 / 68%,0.84 / 35.4 / 0.45 / 70%,0.85 / 35.5 / 0.36 / 70%,0.85 / 35.7 / 0.38 / 69%,~15 (location) / ~20 (realm) correct answers even with full-MP spells (v3.7)
8,75%,1.00 / 28.0 / 0.00 / 32%,1.00 / 25.2 / 1.89 / 34%,1.00 / 25.3 / 2.24 / 33%,1.00 / 25.7 / 2.04 / 33%,~15 (location) / ~20 (realm) correct answers even with full-MP spells (v3.7)
8,50%,0.91 / 35.9 / 0.00 / 61%,0.89 / 36.0 / 0.42 / 63%,0.89 / 35.8 / 0.41 / 63%,0.87 / 35.5 / 0.37 / 63%,~15 (location) / ~20 (realm) correct answers even with full-MP spells (v3.7)
9,75%,1.00 / 30.1 / 0.00 / 34%,1.00 / 27.6 / 0.99 / 32%,1.00 / 27.5 / 1.02 / 34%,1.00 / 27.5 / 1.05 / 32%,~15 (location) / ~20 (realm) correct answers even with full-MP spells (v3.7)
9,50%,0.87 / 38.7 / 0.00 / 66%,0.84 / 37.3 / 0.25 / 72%,0.84 / 37.6 / 0.23 / 70%,0.83 / 37.5 / 0.24 / 70%,~15 (location) / ~20 (realm) correct answers even with full-MP spells (v3.7)
