tier,speech,kid,acc,patrols_per_location,battle_questions_per_location,minutes_per_location,defeat_rate,battles_between_restores,items_proficient_at_boss
1,on,saver,0.65,9.89,258,47.84,0.00,4.56,0.25
1,on,saver,0.75,8.74,216,41.49,0.00,6.27,0.25
1,on,spender,0.65,2.00,151,31.52,0.00,4.20,0.11
1,on,spender,0.75,2.00,137,29.33,0.00,5.72,0.13
1,off,saver,0.65,2.88,151,31.50,0.00,5.09,0.55
1,off,saver,0.75,1.99,125,27.49,0.00,7.55,0.57
1,off,spender,0.65,1.80,138,29.42,0.00,5.02,0.49
1,off,spender,0.75,1.40,119,26.65,0.00,7.36,0.54
2,on,saver,0.65,12.35,297,55.36,0.00,4.02,0.23
2,on,saver,0.75,11.10,252,48.52,0.00,6.41,0.23
2,on,spender,0.65,2.00,159,34.18,0.00,3.60,0.08
2,on,spender,0.75,2.00,142,31.63,0.00,5.52,0.09
2,off,saver,0.65,5.10,186,38.28,0.00,4.80,0.49
2,off,saver,0.75,3.93,152,33.06,0.00,8.87,0.50
2,off,spender,0.65,1.98,147,32.42,0.00,4.60,0.38
2,off,spender,0.75,1.96,131,29.97,0.00,7.89,0.42
3,on,saver,0.65,9.92,340,61.02,0.00,2.85,0.23
3,on,saver,0.75,9.18,291,53.57,0.00,4.09,0.23
3,on,spender,0.65,2.00,201,39.74,0.01,2.56,0.09
3,on,spender,0.75,2.00,177,36.02,0.00,3.84,0.10
3,off,saver,0.65,3.28,207,40.69,0.00,3.29,0.52
3,off,saver,0.75,2.48,169,34.89,0.00,5.10,0.53
3,off,spender,0.65,1.96,184,37.19,0.00,3.18,0.45
3,off,spender,0.75,1.79,160,33.51,0.00,5.03,0.49
4,on,saver,0.65,7.60,319,56.91,0.02,2.55,0.25
4,on,saver,0.75,6.84,270,49.30,0.00,3.79,0.25
4,on,spender,0.65,2.00,215,40.85,0.03,2.27,0.13
4,on,spender,0.75,2.00,190,37.15,0.00,3.45,0.14
4,off,saver,0.65,1.64,193,37.54,0.01,2.96,0.55
4,off,saver,0.75,0.97,158,32.20,0.00,4.84,0.56
4,off,spender,0.65,1.38,188,36.77,0.01,2.93,0.54
4,off,spender,0.75,0.91,157,32.06,0.00,4.90,0.56
5,on,saver,0.65,7.56,321,57.08,0.02,2.61,0.25
5,on,saver,0.75,6.76,274,49.89,0.00,3.71,0.25
5,on,spender,0.65,2.00,221,41.69,0.04,2.27,0.14
5,on,spender,0.75,2.00,193,37.44,0.01,3.33,0.14
5,off,saver,0.65,1.53,192,37.34,0.01,3.07,0.52
5,off,saver,0.75,0.81,160,32.37,0.00,4.70,0.54
5,off,spender,0.65,1.20,188,36.62,0.01,2.76,0.52
5,off,spender,0.75,0.74,158,32.09,0.00,4.46,0.53
6,on,saver,0.65,7.64,364,65.78,0.02,2.20,0.23
6,on,saver,0.75,6.90,312,57.77,0.00,3.20,0.23
6,on,spender,0.65,2.00,246,47.67,0.06,1.94,0.12
6,on,spender,0.75,2.00,214,42.83,0.00,2.88,0.13
6,off,saver,0.65,2.25,229,45.13,0.01,2.73,0.50
6,off,saver,0.75,1.51,188,38.87,0.00,4.15,0.51
6,off,spender,0.65,1.75,220,43.66,0.02,2.47,0.48
6,off,spender,0.75,1.38,188,38.75,0.00,4.09,0.51
7,on,saver,0.65,11.30,448,78.54,0.03,2.34,0.24
7,on,saver,0.75,10.13,379,67.91,0.01,3.47,0.24
7,on,spender,0.65,2.00,253,48.63,0.07,1.99,0.09
7,on,spender,0.75,2.00,219,43.44,0.01,3.04,0.09
7,off,saver,0.65,4.05,269,51.13,0.01,2.85,0.55
7,off,saver,0.75,2.86,217,43.03,0.00,4.42,0.56
7,off,spender,0.65,1.97,228,44.74,0.02,2.54,0.45
7,off,spender,0.75,1.87,198,40.19,0.00,4.28,0.51
8,on,saver,0.65,9.93,423,73.48,0.04,2.31,0.25
8,on,saver,0.75,9.06,359,63.72,0.00,3.48,0.25
8,on,spender,0.65,2.00,252,47.27,0.06,1.97,0.10
8,on,spender,0.75,2.00,220,42.40,0.01,3.00,0.11
8,off,saver,0.65,2.69,242,45.71,0.01,2.82,0.55
8,off,saver,0.75,1.76,196,38.70,0.00,4.28,0.56
8,off,spender,0.65,1.86,226,43.30,0.02,2.60,0.51
8,off,spender,0.75,1.41,189,37.70,0.00,4.08,0.54
9,on,saver,0.65,9.03,397,68.88,0.03,2.00,0.24
9,on,saver,0.75,8.09,336,59.67,0.00,2.88,0.25
9,on,spender,0.65,2.00,247,46.00,0.06,1.76,0.11
9,on,spender,0.75,2.00,218,41.49,0.01,2.54,0.11
9,off,saver,0.65,2.33,233,43.77,0.01,2.36,0.56
9,off,saver,0.75,1.46,189,37.09,0.00,3.53,0.57
9,off,spender,0.65,1.76,221,42.02,0.02,2.26,0.52
9,off,spender,0.75,1.28,186,36.62,0.00,3.41,0.56
