kid,tier,acc,speech,practice,patrols_per_location,p90_patrols,battle_questions_per_location,minutes_per_location,items_proficient_at_end,defeat_rate
saver,1,0.50,on,none,15.56,17.33,384,58.80,0.24,0.00
saver,1,0.50,on,light,12.78,15.00,344,61.12,0.25,0.00
saver,1,0.50,on,full,10.18,11.67,301,62.87,0.25,0.00
saver,1,0.65,on,none,12.75,14.67,294,45.10,0.24,0.00
saver,1,0.65,on,light,9.82,11.33,255,47.44,0.25,0.00
saver,1,0.65,on,full,6.76,8.33,216,49.77,0.26,0.00
saver,1,0.75,on,none,11.96,13.33,257,39.43,0.24,0.00
saver,1,0.75,on,light,8.70,10.00,216,41.41,0.25,0.00
saver,1,0.75,on,full,5.23,6.67,177,43.77,0.26,0.00
saver,1,0.90,on,none,11.54,13.00,214,32.80,0.25,0.00
saver,1,0.90,on,light,7.72,9.00,172,34.76,0.26,0.00
saver,1,0.90,on,full,3.53,4.67,131,36.78,0.27,0.00
saver,1,0.50,off,none,9.12,10.67,272,41.76,0.49,0.00
saver,1,0.50,off,light,5.10,6.33,212,40.78,0.52,0.00
saver,1,0.50,off,full,5.07,6.00,211,40.62,0.52,0.00
saver,1,0.65,off,none,7.41,8.67,211,32.32,0.49,0.00
saver,1,0.65,off,light,2.86,4.00,152,31.64,0.55,0.00
saver,1,0.65,off,full,3.06,4.33,153,31.77,0.55,0.00
saver,1,0.75,off,none,6.89,8.00,183,28.11,0.49,0.00
saver,1,0.75,off,light,1.92,3.00,125,27.43,0.57,0.00
saver,1,0.75,off,full,1.94,2.67,124,27.38,0.57,0.00
saver,1,0.90,off,none,6.83,8.00,151,23.20,0.49,0.00
saver,1,0.90,off,light,0.90,1.67,94.62,22.84,0.59,0.00
saver,1,0.90,off,full,0.97,1.67,94.44,22.81,0.59,0.00
saver,2,0.50,on,none,18.07,20.50,441,67.61,0.22,0.01
saver,2,0.50,on,light,15.14,17.50,397,70.72,0.23,0.01
saver,2,0.50,on,full,12.64,15.50,352,73.62,0.23,0.01
saver,2,0.65,on,none,15.29,18.00,339,52.01,0.23,0.00
saver,2,0.65,on,light,12.22,14.00,297,55.31,0.23,0.00
saver,2,0.65,on,full,8.98,11.50,250,58.07,0.23,0.00
saver,2,0.75,on,none,14.54,16.50,295,45.27,0.23,0.00
saver,2,0.75,on,light,10.82,13.00,253,48.58,0.23,0.00
saver,2,0.75,on,full,7.09,8.50,206,51.26,0.23,0.00
saver,2,0.90,on,none,13.77,16.00,246,37.68,0.23,0.00
saver,2,0.90,on,light,9.76,11.50,201,40.68,0.23,0.00
saver,2,0.90,on,full,5.38,7.00,156,43.66,0.24,0.00
saver,2,0.50,off,none,12.44,14.50,332,50.84,0.45,0.00
saver,2,0.50,off,light,7.70,9.50,259,49.52,0.47,0.00
saver,2,0.50,off,full,7.68,9.50,257,49.18,0.48,0.00
saver,2,0.65,off,none,10.50,12.50,257,39.42,0.46,0.00
saver,2,0.65,off,light,5.05,6.50,184,38.09,0.49,0.00
saver,2,0.65,off,full,4.94,6.50,185,38.24,0.49,0.00
saver,2,0.75,off,none,9.82,12.00,223,34.21,0.46,0.00
saver,2,0.75,off,light,3.81,5.00,151,33.02,0.50,0.00
saver,2,0.75,off,full,3.79,5.00,152,33.15,0.50,0.00
saver,2,0.90,off,none,9.65,11.00,185,28.44,0.45,0.00
saver,2,0.90,off,light,2.65,3.50,114,27.31,0.51,0.00
saver,2,0.90,off,full,2.66,4.00,114,27.30,0.51,0.00
saver,5,0.50,on,none,11.86,14.00,477,73.11,0.25,0.15
saver,5,0.50,on,light,9.89,12.00,440,75.28,0.25,0.14
saver,5,0.50,on,full,7.77,9.50,388,75.09,0.25,0.13
saver,5,0.65,on,none,9.79,11.50,367,56.23,0.24,0.03
saver,5,0.65,on,light,7.46,9.00,318,56.62,0.25,0.02
saver,5,0.65,on,full,4.98,6.50,274,57.73,0.26,0.02
saver,5,0.75,on,none,9.01,10.50,317,48.60,0.24,0.00
saver,5,0.75,on,light,6.80,8.50,274,49.78,0.25,0.00
saver,5,0.75,on,full,3.90,5.00,227,50.47,0.25,0.00
saver,5,0.90,on,none,9.04,10.50,265,40.61,0.24,0.00
saver,5,0.90,on,light,6.07,7.50,220,41.63,0.25,0.00
saver,5,0.90,on,full,2.85,4.00,172,42.10,0.26,0.00
saver,5,0.50,off,none,6.37,7.50,338,51.79,0.49,0.09
saver,5,0.50,off,light,3.03,4.50,269,49.10,0.52,0.08
saver,5,0.50,off,full,3.08,4.50,270,49.29,0.52,0.09
saver,5,0.65,off,none,5.17,6.00,263,40.32,0.49,0.01
saver,5,0.65,off,light,1.48,2.50,192,37.23,0.52,0.01
saver,5,0.65,off,full,1.44,2.50,192,37.30,0.52,0.01
saver,5,0.75,off,none,4.87,6.00,227,34.74,0.49,0.00
saver,5,0.75,off,light,0.84,1.50,160,32.32,0.54,0.00
saver,5,0.75,off,full,0.78,1.50,157,31.98,0.54,0.00
saver,5,0.90,off,none,4.72,5.50,186,28.58,0.49,0.00
saver,5,0.90,off,light,0.36,1.00,124,26.92,0.56,0.00
saver,5,0.90,off,full,0.29,1.00,124,26.83,0.55,0.00
saver,9,0.50,on,none,13.05,15.50,586,89.78,0.24,0.19
saver,9,0.50,on,light,10.97,13.00,534,89.89,0.24,0.18
saver,9,0.50,on,full,8.58,10.50,485,90.50,0.25,0.19
saver,9,0.65,on,none,11.31,13.00,449,68.80,0.24,0.03
saver,9,0.65,on,light,8.90,10.50,396,68.87,0.24,0.03
saver,9,0.65,on,full,6.23,8.00,337,67.82,0.25,0.03
saver,9,0.75,on,none,10.70,12.00,388,59.43,0.24,0.00
saver,9,0.75,on,light,8.06,9.00,336,59.63,0.24,0.00
saver,9,0.75,on,full,5.27,6.00,281,59.20,0.25,0.00
saver,9,0.90,on,none,10.73,12.00,329,50.46,0.24,0.00
saver,9,0.90,on,light,7.76,9.00,275,50.32,0.25,0.00
saver,9,0.90,on,full,4.12,5.00,217,49.38,0.25,0.00
saver,9,0.50,off,none,7.84,9.00,419,64.24,0.54,0.12
saver,9,0.50,off,light,4.02,5.50,330,58.69,0.56,0.11
saver,9,0.50,off,full,4.01,5.00,331,58.76,0.56,0.11
saver,9,0.65,off,none,6.77,7.50,328,50.22,0.54,0.01
saver,9,0.65,off,light,2.35,3.00,232,43.70,0.56,0.01
saver,9,0.65,off,full,2.49,3.50,236,44.27,0.57,0.01
saver,9,0.75,off,none,6.46,7.00,281,43.10,0.54,0.00
saver,9,0.75,off,light,1.55,2.50,190,37.17,0.57,0.00
saver,9,0.75,off,full,1.48,2.00,190,37.14,0.57,0.00
saver,9,0.90,off,none,6.49,7.00,234,35.83,0.55,0.00
saver,9,0.90,off,light,0.61,1.00,144,30.15,0.60,0.00
saver,9,0.90,off,full,0.62,1.00,144,30.20,0.60,0.00
spender,1,0.50,on,light,2.00,2.00,179,35.73,0.08,0.00
spender,1,0.65,on,light,2.00,2.00,152,31.64,0.11,0.00
spender,1,0.75,on,light,2.00,2.00,137,29.34,0.13,0.00
spender,1,0.90,on,light,2.00,2.00,115,26.04,0.14,0.00
spender,1,0.50,off,light,1.98,2.00,168,34.07,0.40,0.00
spender,1,0.65,off,light,1.79,2.00,138,29.53,0.49,0.00
spender,1,0.75,off,light,1.51,2.00,119,26.61,0.54,0.00
spender,1,0.90,off,light,0.85,1.33,93.28,22.64,0.58,0.00
spender,2,0.50,on,light,2.00,2.00,186,38.40,0.06,0.02
spender,2,0.65,on,light,2.00,2.00,160,34.32,0.08,0.00
spender,2,0.75,on,light,2.00,2.00,142,31.58,0.09,0.00
spender,2,0.90,on,light,2.00,2.00,122,28.54,0.10,0.00
spender,2,0.50,off,light,2.00,2.00,175,36.67,0.31,0.01
spender,2,0.65,off,light,1.99,2.00,148,32.57,0.38,0.00
spender,2,0.75,off,light,1.94,2.00,133,30.17,0.42,0.00
spender,2,0.90,off,light,1.77,2.00,107,26.27,0.47,0.00
spender,5,0.50,on,light,2.00,2.00,289,52.16,0.12,0.22
spender,5,0.65,on,light,2.00,2.00,221,41.69,0.13,0.04
spender,5,0.75,on,light,2.00,2.00,194,37.58,0.14,0.01
spender,5,0.90,on,light,2.00,2.00,161,32.59,0.15,0.00
spender,5,0.50,off,light,1.79,2.00,251,46.25,0.47,0.13
spender,5,0.65,off,light,1.32,2.00,189,36.87,0.51,0.01
spender,5,0.75,off,light,0.73,1.50,158,32.07,0.54,0.00
spender,5,0.90,off,light,0.31,1.00,125,26.97,0.55,0.00
spender,9,0.50,on,light,2.00,2.00,350,61.77,0.12,0.31
spender,9,0.65,on,light,2.00,2.00,251,46.55,0.11,0.06
spender,9,0.75,on,light,2.00,2.00,218,41.46,0.11,0.01
spender,9,0.90,on,light,2.00,2.00,182,35.96,0.11,0.00
spender,9,0.50,off,light,1.89,2.00,301,54.24,0.49,0.20
spender,9,0.65,off,light,1.77,2.00,221,42.04,0.53,0.02
spender,9,0.75,off,light,1.24,2.00,185,36.51,0.55,0.00
spender,9,0.90,off,light,0.58,1.00,143,30.04,0.59,0.00
