tier,boss_type,hp_v35,hp_mult,hp,atk_v35,atk,target_correct,hp_mult_v36,hp_v36,correct_needed_no_spells_75,correct_needed_full_mp_spells_75,casts_75,questions_no_spells_vs_spells_75,correct_needed_full_mp_spells_50,correct_needed_full_mp_spells_90,single_fight_win_50_no_spells_vs_spells
1,location,28,1.2,34,5,4,15,2.0,56,15.3,15.4,0.0,20.4 / 20.5,13.8,14.9,1.00 / 1.00
1,realm,38,1.5,57,5,4,20,1.5,57,20.1,20.0,0.0,27.0 / 26.7,17.9,18.6,1.00 / 1.00
2,location,45,1.55,70,10,8,15,2.3,103,17.4,15.4,1.5,23.2 / 20.8,13.4,15.4,1.00 / 1.00
2,realm,63,1.65,104,10,8,20,1.65,104,21.8,19.8,1.6,28.9 / 26.4,17.8,19.2,1.00 / 0.99
3,location,62,1.9,118,14,11,15,2.65,164,19.3,15.4,1.6,26.1 / 20.6,14.1,14.8,0.99 / 1.00
3,realm,88,1.85,163,16,13,20,1.85,163,23.6,19.6,1.6,31.3 / 26.1,18.7,17.9,0.90 / 0.96
4,location,80,1.7,136,19,15,15,2.5,200,16.7,15.0,1.6,22.3 / 20.1,13.4,14.4,0.99 / 1.00
4,realm,112,1.05,118,21,17,20,1.05,118,21.0,20.1,1.5,28.0 / 26.9,18.0,20.4,0.85 / 0.78
5,location,102,1.85,189,24,19,15,2.65,270,17.9,15.2,1.6,24.2 / 20.3,13.9,14.6,0.99 / 0.99
5,realm,144,1.2,173,26,21,20,1.2,173,22.6,19.7,1.5,30.0 / 26.5,18.3,18.5,0.78 / 0.80
6,location,120,1.8,216,29,23,15,2.55,306,16.5,15.0,1.6,21.9 / 20.0,13.9,14.7,0.99 / 1.00
6,realm,168,1.1,185,31,25,20,1.1,185,20.4,19.9,1.4,26.8 / 26.7,17.9,19.8,0.87 / 0.84
7,location,142,1.7,241,34,27,15,2.5,355,17.0,15.0,1.6,22.6 / 19.9,13.8,14.7,1.00 / 1.00
7,realm,200,1.4,280,36,29,20,1.4,280,23.9,19.7,1.4,31.9 / 26.1,18.0,18.6,0.70 / 0.92
8,location,160,1.85,296,38,30,15,2.6,416,17.8,15.1,1.6,23.7 / 20.2,13.8,14.6,1.00 / 1.00
8,realm,224,1.1,246,42,34,20,1.1,246,21.4,19.4,1.4,28.6 / 26.1,17.7,19.5,0.78 / 0.77
9,location,182,1.9,346,43,34,15,2.7,491,17.7,14.8,1.0,23.5 / 19.8,13.8,14.2,1.00 / 1.00
9,realm,256,1.55,397,47,38,20,1.55,397,24.9,19.8,1.0,33.1 / 26.4,18.4,18.2,0.62 / 0.88
