id,prototype_id,name_en,name_zh,name_zh_trad,pinyin,realm,realm_name,location_id,location_name,location_name_zh,roster_locations,role,boss_type,minions,level,hp,atk,def,gold,exp,chest_chance,attack_name_en,attack_name_zh,attack_flavor,defense_shout_theme,sample_shout_zh,sample_shout_pinyin,sample_shout_en,sample_shout_item_id,sample_shout_note,group_behavior,special,size_vs_hero,art_brief,animations,variants,priority
horned_rabbit,rabbit,Horned Rabbit,角兔,角兔,jiǎotù,1,Starter Meadow,L1.1,Village Meadow,村边草地,L1.1;L1.2;L1.3,normal,,,1,16,4,1,6,12,0.1,Horn Bonk,角角撞,"Wiggles its nose, says hi, then bonks your shin with its little horn.",Greetings & politeness,你好,nǐ hǎo,hello,C001,curriculum v2 pool L1.1,"Appears alone or in pairs (1–2 per fight). If its partner falls, it hides behind its ears for one turn (skips its next attack).",None. It is the tutorial enemy: the first battle ever is a single rabbit.,small (~0.45× hero),"Feral wild rabbit with scruffy, matted gray-brown fur, crouched low and ready to spring. Exactly ONE sharp ivory horn juts from the center of its forehead. Glowing red eyes, ears swept back, bared buck teeth in a snarl, big clawed hind feet. It is a pest monster, never a white bunny or a pet.","idle: low crouch, hackles bristling, nose twitch, ears flatten; attack: coils back, lunges horn-first, recovers into the crouch; hit: recoils with a squeal, fur puffed out; defeat: tumbles, then bolts off into the grass.",Darker brown and dusty-gray palette swaps. Always ONE horn and red eyes.,P1
mushroom_imp,mushroom,Mushroom Imp,蘑菇小妖,蘑菇小妖,mógu xiǎoyāo,1,Starter Meadow,L1.1,Village Meadow,村边草地,L1.1;L1.2,normal,,,1,18,4,1,6,12,0.1,Spore Puff,孢子喷喷,"Pops out of the grass asking “谁?” (who’s there?), then puffs a sneezy cloud of sparkly spores.",Pronouns & question words,谁,shéi,who,C034,curriculum v2 pool L1.1,Appears alone or with one horned rabbit. Never flees.,Sleepy: every 3rd round it dozes (Zzz) and skips its attack.,small (~0.55× hero),"Squat imp whose head is a broad red toadstool cap with cream spots. Knobbly tan skin, pot belly, long clawed fingers and toes. Burning yellow eyes under a heavy brow and a wide snarl of jagged teeth. Hunched forward with claws out, spoiling for a fight.","idle: hunched sway, cap bobbing, claws flexing; attack: rears back, then a cap headbutt or spore punch that bursts into a spore cloud; hit: cap wobbles, winces; defeat: shrivels and sinks into the soil in a puff of spores. Extra: doze (skip turn) = slumps with a grumbling snore, one eye still open.",Blue-cap variant for L1.2.,P1
wolf_pup,,Wolf Pup,小狼,小狼,xiǎo láng,1,Starter Meadow,L1.2,Clover Hills,三叶草山坡,L1.2;L1.3,normal,,,2,14,4,1,6,12,0.1,Puppy Pounce,小狼扑扑,"Yips “你是谁?” at you, then pounces with a snapping paw swipe.",Sentence patterns,你是谁,nǐ shì shéi,who are you?,C599,curriculum v2 pool L1.2,"Packs of 2 in L1.3. If one falls, the other whimpers and its next attack is skipped.",None.,small (~0.6× hero),"Scrappy gray wolf pup with oversized paws and bristling fur. Piercing yellow eyes and a wrinkled snarl showing small sharp fangs. Pounces low and fast: young, but already a hunter.","idle: low growl, hackles up, tail stiff; attack: crouch, then a pouncing snap with a paw swipe; hit: yelps, ears flat; defeat: backs away snarling, then flees.",Darker gray pup as the Big Grey Wolf’s minion (same stats).,P1
swift_horned_rabbit,,Swift Horned Rabbit,疾风角兔,疾風角兔,jífēng jiǎotù,1,Starter Meadow,L1.3,Horned Rabbit Warren,角兔窝,L1.2;L1.3,elite,,,3,32,5,1,12,20,0.25,Zoom Horn,疾风角冲,"A blur of fur yells “看!” and zips past, horn first, before you can even look.",Yes/no & core verbs,看,kàn,to look; to watch; to read,C056,curriculum v2 pool L1.2,"Always alone, or with 1 horned rabbit. Scripted as path fight 6 of L1.3; afterwards a 10% rare patrol in L1.2–L1.3.",Quick Start: in round 1 it attacks before the hero’s first turn.,small (~0.6× hero),"Sleek electric-blue horned rabbit with a cream chest and exactly ONE yellow lightning-bolt horn. Brass aviator goggles are pushed up on its forehead. Narrowed eyes and a sharp-toothed smirk on a lean sprinter’s body, always coiled to dash.","idle: bouncing on its toes, goggles glint; attack: crouch, then a horn-first dash across the screen leaving speed lines; hit: skids and spins; defeat: skids to a stop, panting, then zips off-screen.",None (unique elite).,P1
big_beak_crow,,Big-Beak Crow,大嘴乌鸦,大嘴烏鴉,dàzuǐ wūyā,1,Starter Meadow,L1.1,Village Meadow,村边草地,L1.1,boss,location,1 Horned Rabbit,2,34,4,1,30,40,1.0,Shiny Snatch,抢亮晶晶,"Squawks “什么? 什么?” and swoops for anything that sparkles, including your coins.",Pronouns & question words,什么,shénme,what,C035,curriculum v2 pool L1.1,"Location boss of L1.1, arrives with 1 horned rabbit it bosses around.",Coin Grab: once per battle a broken block also steals 3 gold; it drops all of it back when defeated.,medium (~0.9× hero),"Big black crow in a red pirate bandana, with a massive curved yellow beak and a scowling glare under a heavy brow. Wings folded like crossed arms, a leather satchel of stolen gold coins on a shoulder strap, and sharp gray talons. The meadow’s pirate thug.","idle: wings crossed, head cocked, glaring; attack: wings flare wide, then a lunging beak strike; hit: feathers burst out; defeat: drops the satchel (coins scatter) and flaps away squawking. Extra: steal (snatches a coin).",None.,P1
big_grey_wolf,,Big Grey Wolf,大灰狼,大灰狼,dà huīláng,1,Starter Meadow,L1.2,Clover Hills,三叶草山坡,L1.2,boss,location,1 Wolf Pup,3,34,4,1,30,40,1.0,Huff and Puff,呼呼大风,"Asks “你好吗?” in a too-sweet voice, then huffs a gust that knocks your hat off.",Greetings & politeness,你好吗,nǐ hǎo ma,how are you?,C013,curriculum v2 pool L1.1,"Location boss of L1.2, with 1 wolf pup (its nephew).",Big Huff: every 3rd turn it puffs its cheeks the turn before (telegraph); if you break that block you take +2 damage.,large (~1.4× hero),"Lanky gray wolf standing upright in a tattered white grandma nightgown and a lavender nightcap with a pom-pom. Hunched forward with long clawed hands, glinting yellow eyes and a wide sharp-toothed grin. The torn disguise fools nobody: a sly, predatory storybook villain.","idle: hunched, fingers drumming, sly grin; attack: cheeks puff (telegraph), then a gust or a clawed swipe; hit: nightcap knocked askew, snarls; defeat: nightgown rips, nightcap flies off, and he slinks away into the hedges. Extra: telegraph (cheeks inflate).",None.,P1
horned_rabbit_king,rabbitking,Horned Rabbit King,角兔王,角兔王,jiǎotù wáng,1,Starter Meadow,L1.3,Horned Rabbit Warren,角兔窝,L1.3,boss,realm,1 Horned Rabbit,4,57,4,1,60,100,1.0,Royal Horn Stomp,兔王重踩,"Booms “欢迎!” to his warren, then stomps so hard the carrots jump.",Greetings & politeness,欢迎,huānyíng,welcome,C012,curriculum v2 pool L1.1,"Realm boss of Starter Meadow, with 1 horned rabbit guard.",Royal Call: the first time he drops below 50% HP (the save checkpoint) he calls 1 horned rabbit if fewer than 3 enemies are on screen.,large (~1.3× hero),"Tall, upright gray-brown horned rabbit with exactly ONE sharp horn, glaring red eyes and bared buck teeth. A small gold crown set with rubies, a tattered crimson royal cape with gold trim fastened by a ruby clasp, and a gold scepter topped with a red orb. Scruffy, proud and cruel, he looks down on the hero.","idle: cape stirs, taps the scepter, glares down; attack: scepter raised, then a horn-first lunge; hit: crown knocked askew, snarls; defeat: stumbles, drops the scepter and flees into the warren. Extra: summon (slams the scepter down).",None.,P1
giant_bee,bee,Giant Bee,巨蜂,巨蜂,jùfēng,2,Honeycomb Forest,L2.1,Flower Glade,花海林地,L2.1;L2.2,normal,,,3,23,10,2,12,24,0.1,Stinger Poke,蜂刺戳戳,Buzzes “蜂蜜! 蜂蜜!” and pokes you with a round rubbery stinger.,Food & drink,蜂蜜,fēngmì,honey,C115,curriculum v2 pool L2.1,"Packs of 1–2. If you use a Honey Potion in battle, all bees stop and stare at it for one turn (skip attack).",None.,"medium (~0.7× hero, dog-sized)","Oversized, dog-sized bumblebee with dense yellow-and-black fur and translucent wings mid-beat. A scowling, furrowed brow over dark eyes, spiny black legs and a sharp dark stinger aimed forward. Territorial and aggressive.","idle: hover bob with wing blur, glaring; attack: pulls back, then a stinger jab; hit: knocked spinning, wings stutter; defeat: drops low and buzzes off toward the hive.","The Queen Bee’s summoned worker uses a separate sprite (worker_bee): smaller and sleeker, with a big glaring eye and the stinger thrust forward (half HP, no drops; spec v3).",P1
sapling_sprite,,Sapling Sprite,小树精,小樹精,xiǎo shùjīng,2,Honeycomb Forest,L2.1,Flower Glade,花海林地,L2.1,normal,,,3,31,8,2,12,24,0.1,Root Trip,树根绊绊,"Offers you a berry, chirps “尝一尝!”, and sneaks a root under your feet.",Food & drink,尝一尝,cháng yi cháng,have a taste,C642,curriculum v2 pool L2.1,Appears alone or with 1 giant bee.,"Root Trip: a broken block roots the hero, so Flee is unavailable on the next turn.",small (~0.75× hero),"Knotted, bark-skinned tree sprite with thorny shoulder spikes and twig claws. A two-leaf sprout grows on its head and a pink blossom on its chest. Glowing amber eyes under a scowling brow. It stands in a fighter’s crouch and lashes out with a green vine whip.","idle: fists clenched, leaves rustling; attack: vine whip lash (roots burst up for Root Trip); hit: bark chips fly, leaves shake; defeat: roots itself into the ground and goes still as a young tree.",Spring (pink blossom) and summer (green) palettes.,P1
forest_spider,spider,Forest Spider,森林蜘蛛,森林蜘蛛,sēnlín zhīzhū,2,Honeycomb Forest,L2.1,Flower Glade,花海林地,L2.1;L2.2,normal,,,3,27,9,2,12,24,0.1,Sticky Web,黏黏网,"Mumbles “好吃… 好吃…” while eyeing you, and flings a gooey web ball.",Food & drink,好吃,hǎochī,tasty (food),C118,curriculum v2 pool L2.1,Appears alone or in pairs; hangs from a thread on the top row of the battle screen.,Sticky Web: after a broken block the hero is webbed and their next attack deals half damage.,"medium (~0.7× hero, wide and low)","Bulky forest spider whose body and legs are covered in thick green moss with bark-brown bands. Several glossy black eyes and a pair of curved ivory fangs. Crouched low, ready to lunge. Menacing but stylized, not realistic or hairy-creepy.","idle: low crouch, legs shifting, fangs flexing; attack: rears up, then a fang lunge or a spat web ball; hit: legs curl in; defeat: scuttles backward into the undergrowth.",Purple night variant for L2.2.,P1
royal_guard_bee,,Royal Guard Bee,近卫蜂,近衛蜂,jìnwèifēng,2,Honeycomb Forest,L2.2,Great Hive,大蜂巢,L2.2,elite,,,5,54,10,2,24,40,0.25,Golden Spear,金蜂长枪,Snaps “不要!” and thrusts its golden spear at your chest.,Wants & likes,不要,bù yào,don't want; don't!,C135,curriculum v2 pool L2.2,Alone or with 1 giant bee. Scripted as path fight 6 of L2.2; then a 10% rare patrol in L2.2.,Wax Shield: its wax shield absorbs the hero’s first hit of the battle (that hit deals only 1).,medium (~0.9× hero),"Bee soldier in ornate golden plate armor with a honeycomb pattern and a crested helmet with a red plume. Fierce eyes glare through the visor. It carries a long golden spear and a round, honeycomb-embossed golden shield. Disciplined and rigid, ready to skewer intruders.","idle: shield up, spear upright, wings humming; attack: spear drawn back, then a full-length thrust; hit: shield clangs, staggers; defeat: drops its shield and retreats to the hive. Extra: shield block (first hit).",None.,P1
greedy_bear,,Greedy Bear,贪吃熊,貪吃熊,tānchī xióng,2,Honeycomb Forest,L2.1,Flower Glade,花海林地,L2.1,boss,location,"1 Giant Bee (chasing the bear, but angry at everyone)",4,70,8,2,60,80,1.0,Belly Bump,大肚子撞,Rumbles “饿!” and belly-bumps you out of the way of the honey.,Food & drink,饿,è,hungry,C121,curriculum v2 pool L2.1,"Location boss of L2.1, with 1 giant bee chasing it.","Snack Break: once, the first time it drops below 50% HP, it licks honey from its paw and heals 8 HP.",large (~1.4× hero),"Hulking brown bear with a paw-print napkin tied around its neck. Honey drips from snarling jaws full of teeth, it has long curved claws, and it clutches a dented honey pot. Greedy and furious at anyone near its honey.","idle: hunched, growling, honey dripping; attack: rears up, then a clawed swipe or honey-pot slam; hit: roars, honey splashes; defeat: lumbers off into the trees clutching its pot. Extra: snack heal (gulps honey from the pot).",None.,P1
queen_bee,queenbee,Queen Bee,蜂后,蜂后,fēnghòu,2,Honeycomb Forest,L2.2,Great Hive,大蜂巢,L2.2,boss,realm,"1 Giant Bee, plus summons",6,104,8,2,120,200,1.0,Royal Buzz,女王嗡嗡,"Demands “请给我…” in her royal voice, then sends a shockwave buzz.",Wants & likes / Food & drink,请给我……,qǐng gěi wǒ …,please give me …,C138,curriculum v2 pool L2.2,"Realm boss of Honeycomb Forest, with 1 giant bee.","Summon Worker (v3): every 3 turns she summons 1 small worker bee (half normal HP, no gold, EXP or chest) if fewer than 3 enemies are on screen, max 2 summons per fight. Defeating her makes all bees fly home (the battle ends).",huge (~1.8× hero),"Huge regal queen bee with a long black-and-gold striped abdomen ending in a prominent stinger. A spiked gold crown, a golden armored collar set with a violet gem, translucent wings and a cold, furious glare. Imperious and dangerous, she hovers above her hive.","idle: slow hover, wings shimmering, glaring down; attack: rears back, then a stinger jab with a buzzing shockwave; hit: recoils, crown slips; defeat: retreats into the heart of the hive, wings drooping. Extra: summon (commanding gesture; a worker bursts from the comb).",None.,P1
road_bandit,,Road Bandit,山贼,山賊,shānzéi,3,Crossroads Market,L3.1,Crossroads Highway,十字大道,L3.1;L3.2,normal,,,5,26,14,3,18,36,0.1,Hat Snatch,抢帽子,Yells “钱包!” and tries to swipe the wallet right off your belt.,Shopping & money,钱包,qiánbāo,wallet,C668,curriculum v2 pool L3.1,"Pairs. If one falls, the other shouts 快跑 and flees next turn, dropping its gold pouch (normal drops).",None.,medium (~1× hero),"Wiry road bandit in a patched green hood with a cloth bandana over the lower face. A precarious stack of stolen hats sits on his head and stolen wallets hang from his belt. Narrowed eyes and a sneering grin; he crouches with a padded cudgel, ready to jump you.","idle: shifty crouch, eyes darting; attack: lunging grab for your wallet; hit: hat stack wobbles; defeat: hats topple and he sprints off. Extra: flee.",Red hood and blue hood palette swaps.,P2
slime,,Slime,史莱姆,史萊姆,shǐláimǔ,3,Crossroads Market,L3.2,Night Bazaar,夜市,L3.1;L3.2,normal,,,6,36,12,3,18,36,0.1,Bouncy Splat,弹弹啪,"Burbles its own color, “绿色!”, and belly-flops on your boots.",Colors,绿色,lǜsè,green,C194,curriculum v2 pool L3.1,Groups of 2 (L3.2) that bounce in sync. Sometimes hides inside market baskets.,"Color Shout: its bark always names its current color (red, blue, yellow or green variant).",small (~0.4× hero),"Glossy translucent jelly with a coin suspended inside, two narrow glowing eyes and a wide gummy frown baring rows of jelly teeth. It swells up before it lunges.","idle: menacing pulse, swelling and shrinking; attack: rears high, then a body slam; hit: ripples violently; defeat: splats into a puddle that slithers away.","Color variants: green (default), red, blue, yellow; bark changes to match (红色/蓝色/黄色).",P2
mimic,,Mimic,宝箱怪,寶箱怪,bǎoxiāng guài,3,Crossroads Market,L3.2,Night Bazaar,夜市,L3.1;L3.2,elite,,,7,62,14,3,36,60,0.25,Surprise Chomp,惊喜一口,"Whispers “礼物…” like a gift, then snaps its lid shut on your sleeve.",Shopping & money,礼物,lǐwù,gift; present,C173,curriculum v2 pool L3.1,"Always alone. Disguised as a map chest; scripted in L3.2, and 1 in 10 map chests in realm 3 is a mimic.","Surprise: it acts first in round 1. Its chest chance is higher (25%, elite rule).",medium (~0.7× hero),Iron-banded wooden treasure chest with a long lolling tongue and rows of blunt wooden fang-pegs along the lid. Narrow yellow eyes glow from the keyhole. It springs open to bite.,"idle: sits still as a chest, then a keyhole eye flicks open; attack: lid flies open and chomps; hit: lid rattles, coins bounce out; defeat: lid falls open, tongue limp, coins spill.",Plain wooden chest and red-lacquer chest skins.,P2
bandit_boss,,Bandit Boss,山贼头目,山賊頭目,shānzéi tóumù,3,Crossroads Market,L3.1,Crossroads Highway,十字大道,L3.1,boss,location,1 Road Bandit,6,118,11,3,90,120,1.0,Toll Club,过路费棒,"Sneers “多少钱?”, as in how much you’ve got, and swings a big foam-padded club.",Shopping & money,多少钱,duōshao qián,how much is it?,C166,curriculum v2 pool L3.1,"Location boss of L3.1 who runs a fake toll gate, with 1 road bandit.",Pay Up!: every 3rd turn he taps his club the turn before (telegraph); a broken block on that attack takes +3 damage.,large (~1.3× hero),"Barrel-chested bandit chief with a bushy red beard, an eye patch, a coin-studded vest and a heavy padded club with a price tag. Scowling gap-toothed snarl; he looms over the road like a wall.","idle: slaps the club into his palm, glowering; attack: club wind-up, then a crushing swing; hit: coins fly from the vest; defeat: trips, eye patch flips up, and he flees down the road. Extra: telegraph (club tap).",None.,P2
mimic_king,,Mimic King,宝箱怪王,寶箱怪王,bǎoxiāng guài wáng,3,Crossroads Market,L3.2,Night Bazaar,夜市,L3.2,boss,realm,1 Slime (lives inside him),8,163,13,3,180,300,1.0,Treasure Crush,宝箱大压,"Brags “第一!”, number one treasure in town, and slams its giant lid.",Big numbers,第一,dì-yī,first; number one,C179,curriculum v2 pool L3.1,"Realm boss of Crossroads Market, with 1 slime that pops out of its lid.",Lid Shut: every 3rd turn it shuts its lid; the hero’s next attack deals half damage unless the answer is spoken.,huge (~2× hero),"Giant gilded treasure chest wearing a jeweled crown, with a purple tongue and gems for eyes that glare coldly. Rows of gold-tooth pegs line the lid and coins spill from its jaws. Vain, greedy and eager to crush.","idle: lid breathing open and shut, coins rattling; attack: jump, then a lid slam (screen shake); hit: gems crack; defeat: bursts open, showering coins and a shield, and slumps empty. Extra: lid shut, slime pop-out.",None.,P2
cave_bat,,Cave Bat,洞穴蝙蝠,洞穴蝙蝠,dòngxué biānfú,4,Goblin Caves,L4.1,Cave Mouth,洞口,L4.1;L4.2,normal,,,7,31,20,4,27,54,0.1,Flap Nip,翅膀拍拍,"Squeaks “小朋友!” from behind you, then nips your ear.",Family & people,小朋友,xiǎopéngyǒu,kids; little friend,C718,curriculum v2 pool L4.1,Swarms of 2–3. They flit; when only one is left it tries to hang upside down and hide (skips a turn).,None.,small (~0.4× hero),"Small purple cave bat with huge ribbed ears, glowing yellow eyes, bared needle fangs and tattered wings. It dives in jittery zigzags.","idle: jittery flutter, fangs bared; attack: zigzag dive and nip; hit: tumbles midair; defeat: flees back into the dark ceiling.",Brown variant for L4.2.,P2
goblin,,Goblin,哥布林,哥布林,gēbùlín,4,Goblin Caves,L4.2,Crystal Tunnels,水晶隧道,L4.2;L4.3,normal,,,8,36,18,4,27,54,0.1,Slingshot Pebble,弹弓石子,Cackles “开始!” and flicks a pebble at you before you’re ready.,Game & chat talk,开始,kāishǐ,to start,C259,curriculum v2 pool L4.2,"Groups of 2–3. If the hero gets a streak of 3+, one goblin argues 不公平! and skips its attack.",None.,small (~0.7× hero),"Short green goblin with long pointed ears, a backwards cap and a stolen school backpack. Crooked sharp teeth in a sneering grin as it cocks a slingshot. Bratty and mean.","idle: bounces on its heels, jeering; attack: slingshot pull and release; hit: cap flies off; defeat: stumbles back and runs off shouting 我输了.","Three skin tones (green, olive, teal) and cap colors.",P2
goblin_monitor,,Goblin Hall Monitor,哥布林班长,哥布林班長,gēbùlín bānzhǎng,4,Goblin Caves,L4.3,Goblin 'School',哥布林学校,L4.3,normal,,,9,32,18,5,27,54,0.1,Ruler Smack,尺子拍,"Rings a bell, shouts “上课!”, and smacks its desk with a ruler (and your knuckles).",School & classroom,上课,shàngkè,to start class; to attend class,C231,curriculum v2 pool L4.1,"Appears with 1–2 goblins, standing at the back and bossing them.","Roll Call: once per battle, if it is the last enemy standing, it rings its bell and 1 goblin joins.",small (~0.75× hero),"Goblin in a crooked prefect sash and round glasses, with a giant ruler raised like a weapon and a hand bell in the other fist. Eyes narrowed, teeth bared: a petty tyrant.","idle: slaps the ruler in its palm, glaring over its glasses; attack: ruler swing; hit: glasses knocked askew; defeat: drops the sash and scurries off. Extra: bell ring (summon).",None.,P2
goblin_brute,,Goblin Brute,哥布林壮汉,哥布林壯漢,gēbùlín zhuànghàn,4,Goblin Caves,L4.2,Crystal Tunnels,水晶隧道,L4.1;L4.2;L4.3,elite,,,10,72,19,4,54,90,0.25,Desk Slam,举桌猛砸,"Grunts “作业!”, lifts a whole school desk overhead, and slams it down.",School & classroom,作业,zuòyè,homework,C233,curriculum v2 pool L4.1,Alone or with 1 goblin. Scripted in L4.2; 10% rare patrol in all three Goblin Caves locations.,Big Swing: every 3rd turn it lifts the desk (telegraph); a broken block on that attack takes +3 damage.,medium (~1.1× hero),"Hulking goblin with a tiny head, huge arms and a school uniform bursting at the seams, a wooden desk hefted overhead. Jutting underbite tusks and a furious glare.","idle: heavy breathing, flexing, desk on its shoulder; attack: desk overhead, then a slam; hit: staggers; defeat: the desk crashes down beside it and it lumbers away. Extra: telegraph lift.",None.,P2
echo_bat,,Giant Echo Bat,回声大蝙蝠,回聲大蝙蝠,huíshēng dà biānfú,4,Goblin Caves,L4.1,Cave Mouth,洞口,L4.1,boss,location,1 Cave Bat,8,136,15,4,135,180,1.0,Echo Screech,回声尖叫,Screeches “我不懂!” so loudly the words bounce around the cave.,School & classroom,我不懂,wǒ bù dǒng,I don't understand,C249,curriculum v2 pool L4.1,"Location boss of L4.1, with 1 cave bat.","Echo: every 3rd turn its defense question re-asks the last item the kid missed this battle (if any), same way.","large (~1.5× hero, wings 2.5×)",Big lavender bat with satellite-dish ears and wide leathery wings spread across the cave ceiling. A broad fanged maw ringed by visible sound waves and glowing eyes. Loud and theatrical.,"idle: hangs, ears swiveling, glowing eyes tracking the hero; attack: rears back, then a screech with sound-wave rings; hit: ears ring (stars); defeat: folds its wings and retreats into the dark. Extra: echo (rings pulse).",None.,P2
goblin_warden,,Goblin Warden,哥布林守卫,哥布林守衛,gēbùlín shǒuwèi,4,Goblin Caves,L4.2,Crystal Tunnels,水晶隧道,L4.2,boss,location,1 Goblin,9,136,15,4,135,180,1.0,Key Ring Whirl,钥匙圈旋风,"Jingles its keys, hisses “请安静!”, and whirls the big key ring like a flail.",School & classroom,请安静,qǐng ānjìng,"quiet, please",C741,curriculum v2 pool L4.2,"Location boss of L4.2 guarding the school gate, with 1 goblin.",Drops the School Gate Key (story item) that opens L4.3.,large (~1.3× hero),"Stocky goblin warden in an oversized iron helmet, with a huge ring of keys on its belt and a padlock-shaped shield. It glares through the visor slit with a snaggle-toothed snarl, guarding the school gate and letting no one through.","idle: shield up, keys jangling, glaring; attack: key-ring whirl like a flail; hit: keys scatter; defeat: drops the big golden key and flees, helmet over its eyes.",None.,P2
goblin_king,,Goblin King (the 'Headmaster'),哥布林大王,哥布林大王,gēbùlín dàwáng,4,Goblin Caves,L4.3,Goblin 'School',哥布林学校,L4.3,boss,realm,1 Goblin Hall Monitor + 1 Goblin,11,118,17,4,270,450,1.0,Pop Quiz Slam,突击考试,Bellows “考试!” and slams a stack of fake test papers down like a hammer.,School & classroom,考试,kǎoshì,test; exam,C234,curriculum v2 pool L4.1,Realm boss of Goblin Caves. He kidnapped the village kids and their teacher to run a fake school where goblins always win.,"School Bell: the first time he drops below 50% HP (checkpoint) he rings the bell and 1 goblin rejoins if fewer than 3 enemies. When defeated, the kids and the teacher are freed and cheer 谢谢!",large (~1.6× hero),"Fat goblin in a tattered graduation gown with a crown worn over a mortarboard, tiny spectacles, a giant pointer stick and a stack of test papers. He sneers with yellowed fangs: a tyrant posing as a headmaster.","idle: taps the pointer on a chalkboard, sneering; attack: paper-stack slam; hit: papers flutter everywhere; defeat: gown rips, crown rolls away, and he dives under a desk. Extra: bell ring.",None.,P2
bog_monster,,Bog Monster,沼泽怪,沼澤怪,zhǎozé guài,5,Hydra Swamp,L5.1,Misty Marsh,迷雾沼泽,L5.1;L5.2,normal,,,10,53,20,5,36,72,0.1,Mud Splash,泥巴泼泼,Gurgles “迟到!” and drags you into the mud so you really will be late.,Time & dates,迟到,chídào,to be late,C781,curriculum v2 pool L5.1,Groups of 2–3 that rise out of the mud together.,"Muddy: a broken block makes the hero muddy, so their next attack deals 2 less damage.",medium (~1× hero),"Lumpy green-brown mud creature with lily pads and cattails sprouting from its back, glowing eyes and a dripping maw. It rises from the swamp with heavy mud-caked arms.","idle: bubbles popping, looming; attack: scoops and hurls mud; hit: splats flat, then reforms; defeat: sinks back into the swamp, leaving a lily pad.",Darker L5.2 variant.,P2
bog_lizard,,Bog Lizard,沼泽蜥蜴,沼澤蜥蜴,zhǎozé xīyì,5,Hydra Swamp,L5.2,Hydra's Lair,九头蛇巢穴,L5.1;L5.2,normal,,,11,39,24,5,36,72,0.1,Tail Whip,尾巴甩甩,Hisses “马上!” and whips its tail before you can blink.,Time & dates,马上,mǎshàng,right away; immediately,C323,curriculum v2 pool L5.1,Pairs. The hydra’s helpers: they always come with it as minions.,None.,medium (~0.8× hero),"Lean teal lizard with a flared frilled collar, slit-pupil eyes, needle teeth, a whip-like curled tail and a pocket watch on a chain. Twitchy and quick to strike.","idle: checks the watch, frill twitching, hissing; attack: spin and tail whip; hit: frill snaps open; defeat: scrambles off on two legs, dropping its watch.",Orange-frill variant.,P2
swamp_wisp,,Swamp Wisp,鬼火,鬼火,guǐhuǒ,5,Hydra Swamp,L5.1,Misty Marsh,迷雾沼泽,L5.1;L5.2,elite,,,13,92,24,5,72,120,0.25,Glow Drain,幽光吸魔,Whispers “晚上…” and flickers a cold blue flash that drains your magic.,Time & dates,晚上,wǎnshang,evening; night,C307,curriculum v2 pool L5.1,"Alone, or with 1 bog monster. Scripted in L5.1; 10% rare patrol in Hydra Swamp. Found only at night on the map.",Glow Drain: a broken block also drains 3 MP.,"small (~0.5× hero, glow radius 1×)","Floating teardrop of cold blue-green flame with hollow glowing eyes and a thin, wicked smile. It trails mist and lures travelers off the path.","idle: slow float and eerie flicker; attack: dims, then a cold flash; hit: flame gutters; defeat: shrinks to a spark and fades into the mist.",None.,P2
bog_toad,,Giant Bog Toad,泥潭巨蛙,泥潭巨蛙,nítán jùwā,5,Hydra Swamp,L5.1,Misty Marsh,迷雾沼泽,L5.1,boss,location,1 Bog Monster,11,189,19,5,180,240,1.0,Tongue Grab,长舌卷卷,Croaks “一会儿…” in a bored voice and lashes out its sticky tongue.,Time & dates,一会儿,yīhuìr,a little while,C320,curriculum v2 pool L5.1,"Location boss of L5.1, with 1 bog monster.","Pocket Grab: every 3rd turn its tongue grabs your potion bag, so potions can’t be used on the hero’s next turn.",huge (~1.8× hero),"Giant olive toad in a sagging nightcap, with warty skin, a heavy-lidded glare and a huge wide mouth hiding a long sticky tongue coiled to lash. Grumpy and territorial.","idle: slow breathing, throat pulsing, glaring; attack: tongue lash; hit: puffs up round; defeat: sinks into the mud with a sulky croak. Extra: potion-bag grab.",None.,P2
hydra,,Hydra,九头蛇,九頭蛇,jiǔtóushé,5,Hydra Swamp,L5.2,Hydra's Lair,九头蛇巢穴,L5.2,boss,realm,2 Bog Lizards,14,173,21,5,360,600,1.0,Chain Bite,连环咬,"Its heads all ask “现在几点?” at once, then snap one after another.",Time & dates / Connectors,现在几点,xiànzài jǐ diǎn,what time is it now?,C326,curriculum v2 pool L5.1,"Realm boss of Hydra Swamp, with 2 bog lizards.","Double Bite: every 3rd turn two heads attack (two defense questions, each blocked separately). Every 25% HP lost, one head gets tired and ducks under the water (visual only).",huge (~2.5× hero),"Big teal swamp serpent with nine heads on long necks, each with its own glare (one sneering, one hissing, one in spectacles), fin-like ears and fanged jaws. The heads squabble but all turn on the hero.","idle: heads weave and hiss; attack: heads strike in sequence; hit: heads recoil and bonk each other; defeat: heads tangle into a knot and it sinks with bubbles. Extra: double bite, head duck-under.",None.,P2
zombie,,Zombie,丧尸,喪屍,sàngshī,6,Zombie Lands,L6.1,Gloomy Village,灰雾村,L6.1;L6.2,normal,,,13,55,23,6,45,90,0.1,Sniffly Grab,软绵绵抓,Moans “我头疼…” and lurches forward with grasping hands.,Body & health,我头疼,wǒ tóu téng,I have a headache,C403,curriculum v2 pool L6.1,"Groups of 3 that shuffle in slowly. They are sick villagers, not monsters.",Cure: at 0 HP it isn’t destroyed; a puff of sparkly green mist clears and it turns back into a villager who says 谢谢! (same drops).,medium (~1× hero),"Sick villager with pale green skin, glowing green eyes, a thermometer in its mouth, a bandaged arm (no wounds), a torn scarf and farm clothes, arms outstretched in a lurching grab. Eerie and menacing, but no rot or gore.","idle: slow sway, moaning; attack: lurch and grab; hit: staggers, sneezes; defeat: green mist swirls away, leaving a dazed, healthy villager. Extra: cure transform.","Farmer, baker and grandma outfits (same stats).",P2
rattle_skeleton,,Rattle Skeleton,骷髅,骷髏,kūlóu,6,Zombie Lands,L6.2,Moonlit Graveyard,月光墓园,L6.2,normal,,,14,43,26,7,45,90,0.1,Bone Boomerang,骨头回旋镖,"Rattles “找… 找…” while hunting for its missing rib, then throws a spare bone like a boomerang.",Everyday actions,找,zhǎo,to look for,C408,curriculum v2 pool L6.2,"Pairs that clatter in step. If one falls, the other stops to look for its bones (skips a turn).",None.,medium (~1× hero),"Skeleton with a lopsided top hat, red pinpoint lights in its eye sockets, a clacking jaw and one missing rib, winding up to throw a bone boomerang. Stylized and clean, no gore.","idle: rattling, jaw clacking; attack: bone boomerang throw; hit: jaw knocked loose and snapped back; defeat: collapses into a pile of bones topped by the hat.",Top hat and flower-crown variants.,P2
zombie_knight,,Zombie Knight,丧尸骑士,喪屍騎士,sàngshī qíshì,6,Zombie Lands,L6.2,Moonlit Graveyard,月光墓园,L6.1;L6.2,elite,,,16,96,29,6,90,150,0.25,Sleepy Sword,瞌睡剑,"Sighs “我累了…”, drags its dull sword and swings it anyway.",Feelings,我累了,wǒ lèi le,I'm tired,C380,curriculum v2 pool L6.1,Alone or with 1 zombie. Scripted in L6.2; 10% rare patrol in Zombie Lands. It was the village guard captain.,"Shield Up: every 3rd turn it raises its shield, halving the hero’s damage that round. It is cured at 0 HP like other zombies.",medium (~1.2× hero),"Hulking knight in dented, oversized armor with a green-tinged face and glowing eyes behind the visor. A drooping plume, a blanket for a cape, and a heavy dull sword dragged along the ground.","idle: heavy breathing, visor clanks; attack: slow, crushing overhead swing; hit: armor rattles; defeat: green mist leaves and the captain sinks to one knee, cured. Extra: shield up, cure transform.",None.,P2
zombie_mayor,,Zombie Mayor,丧尸村长,喪屍村長,sàngshī cūnzhǎng,6,Zombie Lands,L6.1,Gloomy Village,灰雾村,L6.1,boss,location,1 Zombie,14,216,23,6,225,300,1.0,Mayor’s Cane Thump,村长拐杖敲,"Mumbles “别担心…” out of old habit, then thumps his cane.",Feelings,别担心,bié dānxīn,don't worry,C383,curriculum v2 pool L6.1,"Location boss of L6.1, with 1 zombie.",Cure at 0 HP. When cured he gives the Village Key and tells you where the sickness came from.,large (~1.3× hero),"Round, sick-green village mayor with a sash, top hat, monocle and cane, an ice pack tied on his head. Glowing green eyes and an unsettling empty grin.","idle: sways, monocle glinting; attack: cane thump with a small shockwave; hit: ice pack slips; defeat: cure transform, and he sits down dazed.",None.,P2
sickness_fiend,,Sickness Fiend,病魔,病魔,bìngmó,6,Zombie Lands,L6.2,Moonlit Graveyard,月光墓园,L6.2,boss,realm,2 Zombies,17,185,25,6,450,750,1.0,Sneezy Cloud,喷嚏云,Cackles “生病!” and sneezes a swirling green cloud at you.,Body & health,生病,shēngbìng,to get sick,C398,curriculum v2 pool L6.1,"Realm boss of Zombie Lands, a minion the Demon King sent to make the villagers sick. With 2 zombies.",Germ Call: every 3 turns it calls 1 zombie if fewer than 3 enemies are on screen. Defeating it cures every zombie on screen at once.,large (~1.7× hero),"Floating green gremlin made of swirling, sickly cloud, with small horns, a runny red nose, a tattered doctor’s coat, a sharp grin and a bubbling potion flask. Gleeful malice.","idle: floats, sniffling, cackling; attack: big inhale, then a sneeze cloud; hit: the cloud puffs apart and reforms; defeat: shrinks into a tiny sneeze and pops. Extra: summon.",None.,P2
harpy,,Harpy,鹰身女妖,鷹身女妖,yīngshēn nǚyāo,7,Griffin Peaks,L7.1,Windy Cliffs,大风悬崖,L7.1;L7.2,normal,,,16,48,34,7,54,108,0.1,Rain Feather,雨羽飞射,"Screeches “往左走!”, then dives at you from the right with a flurry of feathers.",Places & directions,往左走,wǎng zuǒ zǒu,go left,C457,curriculum v2 pool L7.1,Flocks of 2–3 that circle overhead.,None.,"medium (~1× hero, wings 2×)","Bird-woman with storm-grey wings for arms, taloned bird legs and wild cloud-shaped hair. Piercing yellow eyes and a screeching mouth, with a raincloud swirling over her head.","idle: hover, wingbeats slow and threatening, cloud drizzling; attack: wing flap and feather volley; hit: feathers ruffled; defeat: the raincloud breaks up and she flees into the sky.",Snow variant for L7.2 (bark 下雪).,P2
griffin,,Griffin,狮鹫,獅鷲,shījiù,7,Griffin Peaks,L7.2,Griffin Summit,狮鹫之巅,L7.1;L7.2,normal,,,17,57,31,7,54,108,0.1,Dive Swoop,俯冲扑击,"Caws “上!”, climbs into the clouds, then dives claws-first.",Places & directions,上,shàng,up; on; above,C428,curriculum v2 pool L7.1,"Pairs or a trio. They are proud, not evil: under the spell of their bewitched king.",None.,large (~1.4× hero),"Golden-brown griffin with a white-feathered eagle head, fierce amber eyes and a hooked beak open in a screech. Lion body with a tufted tail, talons spread for a dive.","idle: wings half-raised, tail lashing; attack: rise, then a dive swoop; hit: feathers fly; defeat: shakes off the spell (purple sparkles leave its eyes) and flies away.",White snow-griffin variant.,P2
cliff_golem,,Cliff Golem,石头人,石頭人,shítou rén,7,Griffin Peaks,L7.1,Windy Cliffs,大风悬崖,L7.1;L7.2,elite,,,19,114,34,7,108,180,0.25,Boulder Step,巨石踩踏,"Rumbles “一直走…” and marches straight at you, no matter what’s in the way.",Places & directions,一直走,yīzhí zǒu,go straight ahead,C456,curriculum v2 pool L7.1,Always alone. Scripted in L7.1; 10% rare patrol in Griffin Peaks. It guards the mountain road.,"Straight Line: it only walks straight; if the hero blocked its last attack, it bumps into a rock and skips its next turn.",large (~1.6× hero),"Blocky mossy stone giant with glowing blue rune eyes, a signpost jammed into its shoulder, fists like boulders and a bird’s nest on its head. Slow, relentless and crushing.","idle: grinding breath, pebbles falling, runes pulsing; attack: heavy stomp forward (screen shake); hit: chips fly; defeat: sinks down and hardens into a mossy hill. Extra: bump-into-rock.",None.,P2
wind_dragon,,Wild Wind Dragon,风龙,風龍,fēnglóng,7,Griffin Peaks,L7.1,Windy Cliffs,大风悬崖,L7.1,boss,location,1 Harpy,17,241,27,7,270,360,1.0,Gale Breath,狂风吐息,Roars “远!” and blasts you far across the cliff with a whirling gale.,Places & directions,远,yuǎn,far,C441,curriculum v2 pool L7.1,Location boss of L7.1. A wild dragon (not evil) that guards its cliff; a harpy rides its winds.,"Respect: every 3rd turn it uses Gale Breath; if the hero blocks it, the dragon is impressed and skips its next attack. When defeated it bows and lets you pass (it can become an ally later in the story).",huge (~2.5× hero),"Long serpentine sky-blue Chinese-style dragon with a cloud-like mane, pearl whiskers, bared fangs and swirling wind trails. Its eyes flash a warning: wild and territorial, not evil, still majestic.","idle: coils in the air, mane streaming, growling; attack: rears up, then a gale-breath swirl; hit: coils tighten; defeat: lands, lowers its head, and flies off into the clouds. Extra: impressed (a slow nod).",None.,P2
griffin_king,,Griffin King,狮鹫王,獅鷲王,shījiù wáng,7,Griffin Peaks,L7.2,Griffin Summit,狮鹫之巅,L7.2,boss,realm,2 Griffins,20,280,29,7,540,900,1.0,Storm Dive,风暴俯冲,Commands “出发!” and leads a lightning-charged dive from the storm clouds.,Transportation / Places & directions,出发,chūfā,to set off,C467,curriculum v2 pool L7.2,"Realm boss of Griffin Peaks, bewitched by the Demon King’s storm crown. With 2 griffins.",Royal Dive: every 3rd turn he circles up (telegraph) and dives; a broken block on that attack takes +50%. Defeating him breaks the storm crown and frees all griffins.,huge (~2.2× hero),"Majestic white-and-gold griffin with a lightning-shaped purple crown crackling with dark sparks. Glassy, spellbound eyes, a hooked beak open in a war cry, and storm clouds around its wings.","idle: wings half-open, crown crackling; attack: soar up, then a lightning dive; hit: crown flickers; defeat: the crown shatters into sparkles, his eyes clear, and he lands. Extra: telegraph circle.",None.,P2
arena_troll,,Arena Troll,巨魔,巨魔,jùmó,8,Ogre Colosseum,L8.1,Training Pits,训练场,L8.1;L8.2,normal,,,19,74,32,8,63,126,0.1,Boulder Kick,巨石射门,Yells “踢足球!” and kicks a boulder at you like a soccer ball.,Hobbies & sports,踢足球,tī zúqiú,to play soccer,C492,curriculum v2 pool L8.1,Pairs or 1 with an ogre gladiator.,Regrow (cosmetic): green sparkles and a taunt when a round passes without it being hit; no healing.,large (~1.5× hero),"Tall lanky blue-green troll with a long nose, shaggy moss hair, a sweatband and a number 9 jersey. Jutting tusks and a mean grin as it winds up to kick a boulder.","idle: juggles a rock on its knee, sneering; attack: boulder kick; hit: stumbles; defeat: trips over its boulder and limps off. Extra: regrow sparkle.","Two jersey colors (red team, blue team).",P2
ogre_gladiator,,Ogre Gladiator,食人魔斗士,食人魔鬥士,shírénmó dòushì,8,Ogre Colosseum,L8.2,Grand Colosseum,大角斗场,L8.1;L8.2,normal,,,20,64,35,8,63,126,0.1,Club Crash,大棒猛砸,Bellows “胜利!” at the crowd and crashes down with a padded club.,Hobbies & sports,胜利,shènglì,victory,C961,curriculum v2 pool L8.1,Groups of 2–3 in L8.2. The crowd cheers the hero when a gladiator falls.,None.,large (~1.6× hero),"Big orange ogre with a single jutting tusk, a horned helmet too small for his head, a padded club and a bottle-cap belt. Scowling and roaring to the crowd.",idle: flexes and roars to the crowd; attack: club overhead crash; hit: helmet spins; defeat: drops to one knee and concedes.,Green and purple skin variants.,P2
fire_elemental,,Fire Elemental,火元素,火元素,huǒ yuánsù,8,Ogre Colosseum,L8.2,Grand Colosseum,大角斗场,L8.1;L8.2,elite,,,22,128,38,8,126,210,0.25,Flame Dance,火焰舞,Crackles “跳舞!” and twirls into a spinning ring of flame.,Hobbies & sports,跳舞,tiàowǔ,to dance,C497,curriculum v2 pool L8.1,Always alone: the arena’s fire-pit show act. Scripted in L8.2; 10% rare patrol in the Colosseum.,"Toasty: a broken block leaves the hero toasty, losing 3 HP at the end of the next round.",medium (~1.2× hero),"Figure of roaring orange and yellow flame with a white-hot core, blazing eyes and a flaming mohawk, arms flung wide as it spins into a fire ring. Showy and dangerous.",idle: flaring flame dance; attack: spins into a fire ring; hit: flames shrink and sputter; defeat: fizzles down to embers.,Blue-flame variant (cosmetic).,P2
minotaur,,Minotaur,牛头人,牛頭人,niútóurén,8,Ogre Colosseum,L8.1,Training Pits,训练场,L8.1,boss,location,1 Arena Troll,20,296,30,8,315,420,1.0,Bull Charge,蛮牛冲撞,"Snorts “比赛!” and charges across the arena, horns first.",Hobbies & sports,比赛,bǐsài,match; competition,C503,curriculum v2 pool L8.1,"Location boss of L8.1 (qualifier final), with 1 arena troll.",Charge: every 3rd turn it scrapes its hoof (telegraph); a broken block on that attack takes +50%.,large (~1.8× hero),"Muscular bull-headed warrior with brown fur, a brass nose ring, a red cape and sweatbands. Steam blasts from its nostrils and its horns are lowered to charge.","idle: snorting steam, hoof scraping; attack: head-down charge; hit: horns ring; defeat: staggers and yields the arena. Extra: telegraph (hoof scrape).",None.,P2
ogre_champion,,Ogre Champion,食人魔冠军,食人魔冠軍,shírénmó guànjūn,8,Ogre Colosseum,L8.2,Grand Colosseum,大角斗场,L8.2,boss,realm,2 Ogre Gladiators,23,246,34,8,630,1050,1.0,Champion Slam,冠军重锤,Laughs “没问题!” and slams the ground so hard the crowd bounces.,Exclamations & reactions,没问题,méi wèntí,no problem,C519,curriculum v2 pool L8.2,"Realm boss of Ogre Colosseum, the undefeated champ, with 2 ogre gladiators.",Show-off: every 3rd turn he poses for the crowd instead of attacking; the hero’s next correct attack deals +50%.,huge (~2.2× hero),"Gigantic ogre with a shiny champion belt, a laurel wreath, a flowing purple cape and a huge padded hammer raised overhead, wearing a cocky tusked sneer.","idle: flexes to the crowd, hammer on shoulder; attack: hammer ground slam (screen shake); hit: belt jolts; defeat: drops to one knee and hands over the belt. Extra: show-off pose.",None.,P2
imp,,Imp,小恶魔,小惡魔,xiǎo èmó,9,Demon King's Castle,L9.1,Demon King's Gate,魔王城门,L9.1;L9.2,normal,,,22,62,44,9,72,144,0.1,Pitchfork Poke,小叉戳戳,"Snickers “其实…”, starting a fib, then pokes you with a tiny pitchfork.",Connectors (advanced),其实,qíshí,actually,C546,curriculum v2 pool L9.1,"Groups of 3 that snicker and swap places. If two fall, the last one hides behind a curtain (skips a turn).",None.,small (~0.5× hero),"Small red imp with stubby horns, bat wings, a barbed tail and a small pitchfork. A sly fanged grin and glowing yellow eyes: mischievous and spiteful.","idle: darting flight, cackling; attack: pitchfork poke; hit: spins like a top; defeat: pops in a puff of red smoke.",Purple and red variants.,P2
demon_knight,,Demon Knight,恶魔骑士,惡魔騎士,èmó qíshì,9,Demon King's Castle,L9.2,Throne Hall,王座大厅,L9.1;L9.2,normal,,,23,66,40,10,72,144,0.1,Shadow Slash,暗影斩,Roars “攻击!” and swings a sword trailing purple smoke.,Heroic battle talk,攻击,gōngjī,to attack,C560,curriculum v2 pool L9.1,"Pairs, or 1 with 2 imps. The Demon King’s guards.",Dark Guard: the hero’s first hit on it each battle deals half damage.,large (~1.4× hero),"Knight in black-and-purple armor with rounded spikes, glowing red eye slits, short horns on the helmet and a smoky cape, sword raised with a purple trail.","idle: sword planted, cape billowing; attack: slash with a purple trail; hit: armor sparks; defeat: the armor falls apart empty and a puff of smoke escapes.",Gold-trim captain variant (cosmetic).,P2
gargoyle,,Gargoyle,石像鬼,石像鬼,shíxiàngguǐ,9,Demon King's Castle,L9.1,Demon King's Gate,魔王城门,L9.1;L9.2,elite,,,25,146,43,9,144,240,0.25,Stone Pounce,石爪突袭,"Suddenly wakes up, “终于!”, at last someone to scare, and pounces from its pedestal.",Connectors (advanced),终于,zhōngyú,at last; finally,C549,curriculum v2 pool L9.1,Alone or with 1 imp. Scripted in L9.1; 10% rare patrol in the castle. Looks like a statue until the fight starts.,"Stone Sleep: it starts as a statue and wakes when hit or at the end of round 2, whichever comes first.",medium (~1.2× hero),"Grey stone winged beast with a snarling dog-like face, stubby horns, cracked wings and moss patches, crouched on a pedestal with claws gripping the edge.","idle (statue): motionless except one eye snapping open; awake idle: wings flare, snarling; attack: pounce; hit: chips fly; defeat: freezes back into a statue mid-snarl.",None.,P2
shadow_dragon,,Shadow-Cursed Dragon,暗影龙,暗影龍,ànyǐnglóng,9,Demon King's Castle,L9.1,Demon King's Gate,魔王城门,L9.1,boss,location,1 Imp (holds the curse chain),23,346,34,9,360,480,1.0,Shadow Flame,暗影火焰,Growls “力量…” in the Demon King’s voice and breathes purple shadow fire.,Heroic battle talk,力量,lìliàng,power; strength,C562,curriculum v2 pool L9.1,Location boss of L9.1: a good dragon corrupted by the Demon King. An imp holds its curse chain.,"Curse Chain: while the imp is up, the dragon’s ATK is +3. Defeating the dragon breaks the curse: it turns golden, says 谢谢 and becomes an ally in the final battle story.",huge (~3× hero),"Huge long Chinese-style dragon with golden scales half-covered in cracked purple shadow crust, glowing violet eyes, bared fangs and a dark chain collar; gold light leaks through the cracks. Dangerous while cursed, tragic rather than evil.","idle: coils, shadow smoke drifts off; attack: rears and breathes purple fire; hit: shadow cracks show gold light; defeat: shadow shatters, the golden dragon rises and bows. Extra: curse-break transform.","Golden freed form (ally/NPC art, not an enemy).",P2
demon_king,,Demon King,魔王,魔王,mówáng,9,Demon King's Castle,L9.2,Throne Hall,王座大厅,L9.2,boss,realm,2 Demon Knights,26,397,38,9,720,1200,1.0,Rule by Force,武力统治,"Thunders “统治!” and slams his scepter, sending out a wave of dark power.",Heroic battle talk,统治,tǒngzhì,to rule; to control,C575,curriculum v2 pool L9.2,"Final boss, with 2 demon knights. He wants to rule all races (humans, elves, dwarves, orcs, dragons) by force.",Two phases: at 50% HP (checkpoint) his cape turns red and he calls up to 2 demon knights (max 3 on screen). Every 4th turn he charges Rule by Force (telegraph); a broken block on it takes +50%.,huge (~2.5× hero),"A tall caped demon lord with curling ram horns, a crown of black spikes, glowing golden eyes, a purple-and-black cloak and a scepter with a red gem. Dramatic, theatrical, arrogant smirk; imposing but not grotesque.","idle: cape billows, scepter gem pulses; attack: scepter slam + dark wave; hit: staggers, crown tilts; defeat: shrinks into a small grumpy imp-sized demon and flees. Extra: phase-2 transform (cape turns red), summon, telegraph charge.","Phase 2 palette (red cape, burning eyes).",P2
