id,name_en,name_zh,pinyin,realm,location_id,roster_locations,role,boss_type,minions,level,hp,atk,def,gold,exp,chest_chance,sample_shout_zh,sample_shout_en,sample_shout_item_id,special,priority
horned_rabbit,Horned Rabbit,角兔,jiǎotù,1,L1.1,L1.1;L1.2;L1.3,normal,,,1,16,4,1,6,12,0.1,你好,hello,C001,None. It is the tutorial enemy: the first battle ever is a single rabbit.,P1
mushroom_imp,Mushroom Imp,蘑菇小妖,mógu xiǎoyāo,1,L1.1,L1.1;L1.2,normal,,,1,18,4,1,6,12,0.1,谁,who,C034,Sleepy: every 3rd round it dozes (Zzz) and skips its attack.,P1
wolf_pup,Wolf Pup,小狼,xiǎo láng,1,L1.2,L1.2;L1.3,normal,,,2,14,4,1,6,12,0.1,你是谁,who are you?,C599,None.,P1
swift_horned_rabbit,Swift Horned Rabbit,疾风角兔,jífēng jiǎotù,1,L1.3,L1.2;L1.3,elite,,,3,32,5,1,12,20,0.25,看,to look; to watch; to read,C056,Quick Start: in round 1 it attacks before the hero’s first turn.,P1
big_beak_crow,Big-Beak Crow,大嘴乌鸦,dàzuǐ wūyā,1,L1.1,L1.1,boss,location,1 Horned Rabbit,2,28,5,1,30,40,1.0,什么,what,C035,Coin Grab: once per battle a broken block also steals 3 gold; it drops all of it back when defeated.,P1
big_grey_wolf,Big Grey Wolf,大灰狼,dà huīláng,1,L1.2,L1.2,boss,location,1 Wolf Pup,3,28,5,1,30,40,1.0,你好吗,how are you?,C013,Big Huff: every 3rd turn it puffs its cheeks the turn before (telegraph); if you break that block you take +2 damage.,P1
horned_rabbit_king,Horned Rabbit King,角兔王,jiǎotù wáng,1,L1.3,L1.3,boss,realm,1 Horned Rabbit,4,38,5,1,60,100,1.0,欢迎,welcome,C012,Royal Call: the first time he drops below 50% HP (the save checkpoint) he calls 1 horned rabbit if fewer than 3 enemies are on screen.,P1
giant_bee,Giant Bee,巨蜂,jùfēng,2,L2.1,L2.1;L2.2,normal,,,3,23,10,2,12,24,0.1,蜂蜜,honey,C115,None.,P1
sapling_sprite,Sapling Sprite,小树精,xiǎo shùjīng,2,L2.1,L2.1,normal,,,3,31,8,2,12,24,0.1,尝一尝,have a taste,C642,"Root Trip: a broken block roots the hero, so Flee is unavailable on the next turn.",P1
forest_spider,Forest Spider,森林蜘蛛,sēnlín zhīzhū,2,L2.1,L2.1;L2.2,normal,,,3,27,9,2,12,24,0.1,好吃,tasty (food),C118,Sticky Web: after a broken block the hero is webbed and their next attack deals half damage.,P1
royal_guard_bee,Royal Guard Bee,近卫蜂,jìnwèifēng,2,L2.2,L2.2,elite,,,5,54,10,2,24,40,0.25,不要,don't want; don't!,C135,Wax Shield: its wax shield absorbs the hero’s first hit of the battle (that hit deals only 1).,P1
greedy_bear,Greedy Bear,贪吃熊,tānchī xióng,2,L2.1,L2.1,boss,location,"1 Giant Bee (chasing the bear, but angry at everyone)",4,45,10,2,60,80,1.0,饿,hungry,C121,"Snack Break: once, the first time it drops below 50% HP, it licks honey from its paw and heals 8 HP.",P1
queen_bee,Queen Bee,蜂后,fēnghòu,2,L2.2,L2.2,boss,realm,"1 Giant Bee, plus summons",6,63,10,2,120,200,1.0,请给我……,please give me …,C138,"Summon Worker (v3): every 3 turns she summons 1 small worker bee (half normal HP, no gold, EXP or chest) if fewer than 3 enemies are on screen, max 2 summons per fight. Defeating her makes all bees fly home (the battle ends).",P1
road_bandit,Road Bandit,山贼,shānzéi,3,L3.1,L3.1;L3.2,normal,,,5,26,14,3,18,36,0.1,钱包,wallet,C668,None.,P2
slime,Slime,史莱姆,shǐláimǔ,3,L3.2,L3.1;L3.2,normal,,,6,36,12,3,18,36,0.1,绿色,green,C194,"Color Shout: its bark always names its current color (red, blue, yellow or green variant).",P2
mimic,Mimic,宝箱怪,bǎoxiāng guài,3,L3.2,L3.1;L3.2,elite,,,7,62,14,3,36,60,0.25,礼物,gift; present,C173,"Surprise: it acts first in round 1. Its chest chance is higher (25%, elite rule).",P2
bandit_boss,Bandit Boss,山贼头目,shānzéi tóumù,3,L3.1,L3.1,boss,location,1 Road Bandit,6,62,14,3,90,120,1.0,多少钱,how much is it?,C166,Pay Up!: every 3rd turn he taps his club the turn before (telegraph); a broken block on that attack takes +3 damage.,P2
mimic_king,Mimic King,宝箱怪王,bǎoxiāng guài wáng,3,L3.2,L3.2,boss,realm,1 Slime (lives inside him),8,88,16,3,180,300,1.0,第一,first; number one,C179,Lid Shut: every 3rd turn it shuts its lid; the hero’s next attack deals half damage unless the answer is spoken.,P2
cave_bat,Cave Bat,洞穴蝙蝠,dòngxué biānfú,4,L4.1,L4.1;L4.2,normal,,,7,31,20,4,27,54,0.1,小朋友,kids; little friend,C718,None.,P2
goblin,Goblin,哥布林,gēbùlín,4,L4.2,L4.2;L4.3,normal,,,8,36,18,4,27,54,0.1,开始,to start,C259,None.,P2
goblin_monitor,Goblin Hall Monitor,哥布林班长,gēbùlín bānzhǎng,4,L4.3,L4.3,normal,,,9,32,18,5,27,54,0.1,上课,to start class; to attend class,C231,"Roll Call: once per battle, if it is the last enemy standing, it rings its bell and 1 goblin joins.",P2
goblin_brute,Goblin Brute,哥布林壮汉,gēbùlín zhuànghàn,4,L4.2,L4.1;L4.2;L4.3,elite,,,10,72,19,4,54,90,0.25,作业,homework,C233,Big Swing: every 3rd turn it lifts the desk (telegraph); a broken block on that attack takes +3 damage.,P2
echo_bat,Giant Echo Bat,回声大蝙蝠,huíshēng dà biānfú,4,L4.1,L4.1,boss,location,1 Cave Bat,8,80,19,4,135,180,1.0,我不懂,I don't understand,C249,"Echo: every 3rd turn its defense question re-asks the last item the kid missed this battle (if any), same way.",P2
goblin_warden,Goblin Warden,哥布林守卫,gēbùlín shǒuwèi,4,L4.2,L4.2,boss,location,1 Goblin,9,80,19,4,135,180,1.0,请安静,"quiet, please",C741,Drops the School Gate Key (story item) that opens L4.3.,P2
goblin_king,Goblin King (the 'Headmaster'),哥布林大王,gēbùlín dàwáng,4,L4.3,L4.3,boss,realm,1 Goblin Hall Monitor + 1 Goblin,11,112,21,4,270,450,1.0,考试,test; exam,C234,"School Bell: the first time he drops below 50% HP (checkpoint) he rings the bell and 1 goblin rejoins if fewer than 3 enemies. When defeated, the kids and the teacher are freed and cheer 谢谢!",P2
bog_monster,Bog Monster,沼泽怪,zhǎozé guài,5,L5.1,L5.1;L5.2,normal,,,10,53,20,5,36,72,0.1,迟到,to be late,C781,"Muddy: a broken block makes the hero muddy, so their next attack deals 2 less damage.",P2
bog_lizard,Bog Lizard,沼泽蜥蜴,zhǎozé xīyì,5,L5.2,L5.1;L5.2,normal,,,11,39,24,5,36,72,0.1,马上,right away; immediately,C323,None.,P2
swamp_wisp,Swamp Wisp,鬼火,guǐhuǒ,5,L5.1,L5.1;L5.2,elite,,,13,92,24,5,72,120,0.25,晚上,evening; night,C307,Glow Drain: a broken block also drains 3 MP.,P2
bog_toad,Giant Bog Toad,泥潭巨蛙,nítán jùwā,5,L5.1,L5.1,boss,location,1 Bog Monster,11,102,24,5,180,240,1.0,一会儿,a little while,C320,"Pocket Grab: every 3rd turn its tongue grabs your potion bag, so potions can’t be used on the hero’s next turn.",P2
hydra,Hydra,九头蛇,jiǔtóushé,5,L5.2,L5.2,boss,realm,2 Bog Lizards,14,144,26,5,360,600,1.0,现在几点,what time is it now?,C326,"Double Bite: every 3rd turn two heads attack (two defense questions, each blocked separately). Every 25% HP lost, one head gets tired and ducks under the water (visual only).",P2
zombie,Zombie,丧尸,sàngshī,6,L6.1,L6.1;L6.2,normal,,,13,55,23,6,45,90,0.1,我头疼,I have a headache,C403,Cure: at 0 HP it isn’t destroyed; a puff of sparkly green mist clears and it turns back into a villager who says 谢谢! (same drops).,P2
rattle_skeleton,Rattle Skeleton,骷髅,kūlóu,6,L6.2,L6.2,normal,,,14,43,26,7,45,90,0.1,找,to look for,C408,None.,P2
zombie_knight,Zombie Knight,丧尸骑士,sàngshī qíshì,6,L6.2,L6.1;L6.2,elite,,,16,96,29,6,90,150,0.25,我累了,I'm tired,C380,"Shield Up: every 3rd turn it raises its shield, halving the hero’s damage that round. It is cured at 0 HP like other zombies.",P2
zombie_mayor,Zombie Mayor,丧尸村长,sàngshī cūnzhǎng,6,L6.1,L6.1,boss,location,1 Zombie,14,120,29,6,225,300,1.0,别担心,don't worry,C383,Cure at 0 HP. When cured he gives the Village Key and tells you where the sickness came from.,P2
sickness_fiend,Sickness Fiend,病魔,bìngmó,6,L6.2,L6.2,boss,realm,2 Zombies,17,168,31,6,450,750,1.0,生病,to get sick,C398,Germ Call: every 3 turns it calls 1 zombie if fewer than 3 enemies are on screen. Defeating it cures every zombie on screen at once.,P2
harpy,Harpy,鹰身女妖,yīngshēn nǚyāo,7,L7.1,L7.1;L7.2,normal,,,16,48,34,7,54,108,0.1,往左走,go left,C457,None.,P2
griffin,Griffin,狮鹫,shījiù,7,L7.2,L7.1;L7.2,normal,,,17,57,31,7,54,108,0.1,上,up; on; above,C428,None.,P2
cliff_golem,Cliff Golem,石头人,shítou rén,7,L7.1,L7.1;L7.2,elite,,,19,114,34,7,108,180,0.25,一直走,go straight ahead,C456,"Straight Line: it only walks straight; if the hero blocked its last attack, it bumps into a rock and skips its next turn.",P2
wind_dragon,Wild Wind Dragon,风龙,fēnglóng,7,L7.1,L7.1,boss,location,1 Harpy,17,142,34,7,270,360,1.0,远,far,C441,"Respect: every 3rd turn it uses Gale Breath; if the hero blocks it, the dragon is impressed and skips its next attack. When defeated it bows and lets you pass (it can become an ally later in the story).",P2
griffin_king,Griffin King,狮鹫王,shījiù wáng,7,L7.2,L7.2,boss,realm,2 Griffins,20,200,36,7,540,900,1.0,出发,to set off,C467,Royal Dive: every 3rd turn he circles up (telegraph) and dives; a broken block on that attack takes +50%. Defeating him breaks the storm crown and frees all griffins.,P2
arena_troll,Arena Troll,巨魔,jùmó,8,L8.1,L8.1;L8.2,normal,,,19,74,32,8,63,126,0.1,踢足球,to play soccer,C492,Regrow (cosmetic): green sparkles and a taunt when a round passes without it being hit; no healing.,P2
ogre_gladiator,Ogre Gladiator,食人魔斗士,shírénmó dòushì,8,L8.2,L8.1;L8.2,normal,,,20,64,35,8,63,126,0.1,胜利,victory,C961,None.,P2
fire_elemental,Fire Elemental,火元素,huǒ yuánsù,8,L8.2,L8.1;L8.2,elite,,,22,128,38,8,126,210,0.25,跳舞,to dance,C497,"Toasty: a broken block leaves the hero toasty, losing 3 HP at the end of the next round.",P2
minotaur,Minotaur,牛头人,niútóurén,8,L8.1,L8.1,boss,location,1 Arena Troll,20,160,38,8,315,420,1.0,比赛,match; competition,C503,Charge: every 3rd turn it scrapes its hoof (telegraph); a broken block on that attack takes +50%.,P2
ogre_champion,Ogre Champion,食人魔冠军,shírénmó guànjūn,8,L8.2,L8.2,boss,realm,2 Ogre Gladiators,23,224,42,8,630,1050,1.0,没问题,no problem,C519,Show-off: every 3rd turn he poses for the crowd instead of attacking; the hero’s next correct attack deals +50%.,P2
imp,Imp,小恶魔,xiǎo èmó,9,L9.1,L9.1;L9.2,normal,,,22,62,44,9,72,144,0.1,其实,actually,C546,None.,P2
demon_knight,Demon Knight,恶魔骑士,èmó qíshì,9,L9.2,L9.1;L9.2,normal,,,23,66,40,10,72,144,0.1,攻击,to attack,C560,Dark Guard: the hero’s first hit on it each battle deals half damage.,P2
gargoyle,Gargoyle,石像鬼,shíxiàngguǐ,9,L9.1,L9.1;L9.2,elite,,,25,146,43,9,144,240,0.25,终于,at last; finally,C549,"Stone Sleep: it starts as a statue and wakes when hit or at the end of round 2, whichever comes first.",P2
shadow_dragon,Shadow-Cursed Dragon,暗影龙,ànyǐnglóng,9,L9.1,L9.1,boss,location,1 Imp (holds the curse chain),23,182,43,9,360,480,1.0,力量,power; strength,C562,"Curse Chain: while the imp is up, the dragon’s ATK is +3. Defeating the dragon breaks the curse: it turns golden, says 谢谢 and becomes an ally in the final battle story.",P2
demon_king,Demon King,魔王,mówáng,9,L9.2,L9.2,boss,realm,2 Demon Knights,26,256,47,9,720,1200,1.0,统治,to rule; to control,C575,Two phases: at 50% HP (checkpoint) his cape turns red and he calls up to 2 demon knights (max 3 on screen). Every 4th turn he charges Rule by Force (telegraph); a broken block on it takes +50%.,P2
