tier,realm_boss,heroic_drop
1,角兔王 Horned Rabbit King,角兔角 Rabbit-Horn Dagger (+1 streak at battle start)
2,蜂后 Queen Bee,蜂后之冠 Queen's Crown (charm: +6 max MP)
3,宝箱怪王 Mimic King,宝箱盾 Mimic Shield (Thorns 25%)
4,哥布林大王 Goblin King (the 'Headmaster'),哥布林王冠 Goblin Crown (+10% gold)
5,九头蛇 Hydra,九头蛇鳞 Hydra Scale (first broken block per battle −50%)
6,病魔 Sickness Fiend,解药瓶 Cure Flask (Heal +10%)
7,狮鹫王 Griffin King,狮鹫羽 Griffin Feather (Frost costs 5 MP instead of 8)
8,食人魔冠军 Ogre Champion,冠军腰带 Champion Belt (streak 10 tier = ×2.25)
9,魔王 Demon King,(the Demon King drops cosmetics and a title; the game is won)
