key,value,unit,notes
proficiency_correct_per_way,2,correct answers,"in total, not in a row; no rusty rule"
active_ways_speech,4,ways,"R-ZE, R-EZ, S-ZE, S-EZ (default: speech is on after the consent gate)"
active_ways_no_speech,2,ways,"R-ZE, R-EZ; only for browsers without the Web Speech API or after a device/permission error"
keep_proficient_when_speech_added,yes,,items proficient under 2 ways stay proficient; spoken ways still get scheduled
nomatch_counts_as,wrong,,heard speech but no words = graded wrong
practice_credit_cap_per_way,1,correct answers,Preview practice can supply at most 1 of the 2 correct answers per way
boss_trigger_speech,0.2,share of the location pool proficient,patrols spawn while below; Director’s call v3.1 (was 0.25)
boss_trigger_no_speech,0.4,share of the location pool proficient,
readiness_denominator,location pool only,,carried-over items are still practiced but not counted (was local + carry-over)
forced_patrols_per_trip,2,fights,each walk to the boss gate while below the trigger
elite_patrol_chance,0.1,per patrol,one normal enemy is replaced by the location elite
scripted_elites_per_realm,1,fights,middle path fight of the elite’s home location
path_fights,8,fights,scripted fights per location before the boss approach (was 6)
set_size,7,items,
working_set,10,items,
new_cap,3,items per battle,"hard cap, also early in a location (v3.2, was 4); a short set is never padded with unseen items"
tired_at_questions_normal,30,questions,"normal battles, elites included"
tired_at_questions_boss,45,questions,location and realm bosses (v3.2: location boss was 40)
tired_enemy_atk_mult,0.7,×,enemy ATK while Tired
tired_hero_damage_mult,1.5,×,hero damage while Tired
carry_over_cap,20,items,not-yet-proficient earlier items mixed into battle sets
spoken_cap,0.5,share of questions per battle,
proficient_review_weight,0.15,selection weight,"+1.5 × min(overdue, 2) when a way is due"
leitner_intervals,"0, 10 min, 1 d, 3 d, 7 d, 16 d, 35 d",,wrong = −2 boxes; scheduling only
sec_per_battle_question,9.2,s,sim estimate
sec_per_practice_question,5.0,s,sim estimate
