tier,realm,realm_zh,locations,pool_items,items_per_location,enemies_per_fight,mc_options,review_slots,normal_hp_atk_def,elite_hp_atk_def,location_boss_hp_atk,realm_boss_hp_atk,rec_level_range,gear_tier,hero_hp_mp_atk_def,gold_per_normal,inn_price,honey_potion_price,minutes_speech_saver_75,minutes_speech_spender_75,minutes_reading_saver_75
1,Starter Meadow,新手草原,3,150,52/47/51,1–2,3,"0 (loc 1), 1",16 / 4 / 1,32 / 5 / 1,28 / 5,38 / 5 (角兔王),1–3,1,42 / 14 / 6 / 4,6,12,6,41,29,27
2,Honeycomb Forest,蜂巢森林,2,118,59/59,1–2,3,1,27 / 9 / 2,54 / 10 / 2,45 / 10,63 / 10 (蜂后),3–5,2,54 / 18 / 10 / 8,12,24,12,49,32,33
3,Crossroads Market,十字路口集市,2,107,54/53,2,4,2,31 / 13 / 3,62 / 14 / 3,62 / 14,88 / 16 (宝箱怪王),5–7,3,66 / 22 / 14 / 12,18,36,18,54,36,35
4,Goblin Caves,哥布林洞穴,3,143,48/47/48,2–3,4,2,36 / 18 / 4,72 / 19 / 4,80 / 19,112 / 21 (哥布林大王),7–10,4,84 / 28 / 18 / 16,27,54,27,49,37,32
5,Hydra Swamp,九头蛇沼泽,2,94,47/47,2–3,4,2,46 / 22 / 5,92 / 24 / 5,102 / 24,144 / 26 (九头蛇),10–13,5,102 / 34 / 23 / 20,36,72,36,50,37,32
6,Zombie Lands,僵尸之地,2,120,60/60,3,5,2,48 / 26 / 6,96 / 29 / 6,120 / 29,168 / 31 (病魔),13–16,6,120 / 40 / 27 / 24,45,90,45,58,43,39
7,Griffin Peaks,狮鹫山峰,2,118,59/59,3,5,3,57 / 31 / 7,114 / 34 / 7,142 / 34,200 / 36 (狮鹫王),16–19,7,138 / 46 / 32 / 28,54,108,54,68,43,43
8,Ogre Colosseum,食人魔角斗场,2,104,52/52,3,6,3,64 / 35 / 8,128 / 38 / 8,160 / 38,224 / 42 (食人魔冠军),19–22,8,156 / 52 / 36 / 32,63,126,63,64,42,39
9,Demon King's Castle,魔王城,2,97,48/49,3,6,3 (boss: 4),73 / 40 / 9,146 / 43 / 9,182 / 43,256 / 47 (魔王),22–25,9,174 / 58 / 41 / 36,72,144,72,60,41,37
