spell_id,town,town_zh,town_en,realm,name_zh,name_zh_trad,name_en,target,element,power,mp_cost,casts_from_full_mp,dmg_pct_normal_own_tier,dmg_pct_normal_t9,price_G,price,damage_formula,status,hsk_chars,visual_brief
small_fireball,2,蜂蜜镇,Honey Town,Honeycomb Forest,小火球术,小火球術,Small Fireball,single,fire,20,7,2.6,67%,15%,60,720,"max(1, round(20 × (Tired ? 1.5 : 1) − DEF_e))",–,"小 1 · 火 3 · 球 1 · 术 (技术, 3)","A plum-sized orange fireball with a curly tail of sparks, thrown from the wand tip. On hit: a warm puff of orange light and a few floating embers. No scorch marks, nothing burns."
bubble_spell,2,蜂蜜镇,Honey Town,Honeycomb Forest,泡泡术,泡泡術,Bubble Spell,single,water,11,6,3.0,33%,3%,45,540,"max(1, round(11 × (Tired ? 1.5 : 1) − DEF_e))",Soaked: the target's next attack does half damage,"泡 6 · 术 (技术, 3)","A stream of shiny rainbow soap bubbles that wraps the enemy in a big wobbly bubble for a moment; when it pops the enemy is dripping and grumpy, with a little water cloud over its head."
snowball_volley,3,十字路口集市,Crossroads Market,Crossroads Market,雪球术,雪球術,Snowball Volley,same type (max 3),ice,15,9,2.4,39%,8%,60,1080,"max(1, round(15 × (Tired ? 1.5 : 1) − DEF_e))",–,"雪 2 · 球 1 · 术 (技术, 3)",Fluffy snowballs pop out of the air and pelt every enemy of the chosen kind; soft white bursts and a sprinkle of snowflakes. Enemies shiver comically.
little_lightning,3,十字路口集市,Crossroads Market,Crossroads Market,小闪电术,小閃電術,Little Lightning,single,thunder,25,9,2.4,71%,22%,75,1350,"max(1, round(25 × (Tired ? 1.5 : 1) − DEF_e))",Dazed: 25% chance the target skips its next attack (bosses 12.5%),"小 1 · 闪 4 · 电 1 · 术 (技术, 3)","A small zig-zag bolt from a palm-sized storm cloud; yellow flash, the target's fur/hair stands up and little stars circle its head when dazed."
fireball,4,矿工营地,Miner's Camp,Goblin Caves,火球术,火球術,Fireball,single,fire,31,11,2.5,75%,30%,70,1890,"max(1, round(31 × (Tired ? 1.5 : 1) − DEF_e))",–,"火 3 · 球 1 · 术 (技术, 3)",A melon-sized fireball with a bright yellow core and a spiral trail; a round orange flash and a ring of sparks on impact.
whirlwind,4,矿工营地,Miner's Camp,Goblin Caves,旋风术,旋風術,Whirlwind,same type (max 3),wind,20,13,2.2,44%,15%,85,2295,"max(1, round(20 × (Tired ? 1.5 : 1) − DEF_e))",–,"旋 (旋转, 6) · 风 1 · 术 (技术, 3)","A green-white spinning gust with leaves in it that lifts every enemy of the chosen kind, spins them like tops and drops them dizzy."
snowflake_dance,5,芦苇村,Reed Village,Hydra Swamp,雪花术,雪花術,Snowflake Dance,all on screen (max 3),ice,21,15,2.3,35%,16%,90,3240,"max(1, round(21 × (Tired ? 1.5 : 1) − DEF_e))",–,"雪 2 · 花 1 · 术 (技术, 3)",Big sparkling snowflakes swirl across the whole screen and tap each enemy (max 3) with a soft chime; frost glitter on their shoulders.
lightning,5,芦苇村,Reed Village,Hydra Swamp,闪电术,閃電術,Lightning Bolt,single,thunder,40,14,2.4,76%,42%,75,2700,"max(1, round(40 × (Tired ? 1.5 : 1) − DEF_e))",Dazed: 30% chance the target skips its next attack (bosses 15%),"闪 4 · 电 1 · 术 (技术, 3)","A tall bright bolt from a dark-blue cloud; screen flashes white for a frame (keep under the flash-safety limit), target gets spiky hair and circling stars."
sunbeam,6,晨光小镇,Dawn Chapel,Zombie Lands,阳光术,陽光術,Sunbeam,same type (max 3),light,30,18,2.2,50%,29%,80,3600,"max(1, round(30 × (Tired ? 1.5 : 1) − DEF_e))",–,"阳 (太阳, 2) · 光 3 · 术 (技术, 3)","Golden sunbeams break through grey clouds onto every enemy of the chosen kind; zombies/skeletons sneeze and look a bit more cheerful (ties to the ""cured by kind words"" theme)."
big_fireball,6,晨光小镇,Dawn Chapel,Zombie Lands,大火球术,大火球術,Big Fireball,single,fire,47,16,2.5,85%,52%,90,4050,"max(1, round(47 × (Tired ? 1.5 : 1) − DEF_e))",–,"大 1 · 火 3 · 球 1 · 术 (技术, 3)",A big round fireball with a smiling glow that grows above the hero before it is thrown; big orange burst with confetti-like sparks.
blizzard,7,云岭镇,Cloud Ridge,Griffin Peaks,暴风雪术,暴風雪術,Blizzard,all on screen (max 3),ice,30,21,2.2,40%,29%,100,5400,"max(1, round(30 × (Tired ? 1.5 : 1) − DEF_e))",Chilled: each target 30% chance to skip its next attack (bosses 15%),"暴 (暴风雨, 6) · 风 1 · 雪 2 · 术 (技术, 3)","A sideways snowstorm sweeps over all enemies (max 3); they get snow hats and icicle eyebrows when chilled. Blue-white palette, soft wind sound."
tornado,7,云岭镇,Cloud Ridge,Griffin Peaks,龙卷风术,龍捲風術,Tornado,same type (max 3),wind,38,21,2.2,54%,40%,85,4590,"max(1, round(38 × (Tired ? 1.5 : 1) − DEF_e))",–,"龙 3 · 卷 4 · 风 1 · 术 (技术, 3)","A tall friendly-looking tornado (with leaves, feathers and a lost hat) gathers every enemy of the chosen kind, spins them up and plops them down."
meteor,8,角斗场镇,Arena Town,Ogre Colosseum,流星术,流星術,Meteor,single,star,69,21,2.5,95%,82%,90,5670,"max(1, round(69 × (Tired ? 1.5 : 1) − DEF_e))",–,"流 2 · 星 (星期, 1) · 术 (技术, 3)",A shooting star with a long rainbow tail falls on one enemy; a starburst flash and tiny stars bouncing off. No crater.
thunderstorm,8,角斗场镇,Arena Town,Ogre Colosseum,雷雨术,雷雨術,Thunderstorm,all on screen (max 3),thunder,37,23,2.3,45%,38%,110,6930,"max(1, round(37 × (Tired ? 1.5 : 1) − DEF_e))",Dazed: each target 30% chance to skip its next attack (bosses 15%),"雷 (打雷, 4) · 雨 1 · 术 (技术, 3)",A small storm cloud rains on all enemies (max 3) with friendly zig-zag bolts; puddles form under them and they hop around.
super_blizzard,9,灯火营地,Lantern Light Camp,Demon King's Castle,超暴风雪术,超暴風雪術,Super Blizzard,all on screen (max 3),ice,42,28,2.1,45%,45%,130,9360,"max(1, round(42 × (Tired ? 1.5 : 1) − DEF_e))",Frozen: every target skips its next attack (bosses 50% chance),"超 6 · 暴 (暴风雨, 6) · 风 1 · 雪 2 · 术 (技术, 3)","The screen fills with a huge swirling snowstorm and a giant snowflake emblem; every enemy (max 3) is briefly frozen in a clear ice cube with a surprised face, then pops out."
meteor_shower,9,灯火营地,Lantern Light Camp,Demon King's Castle,流星雨术,流星雨術,Meteor Shower,all on screen (max 3),star,49,28,2.1,55%,55%,120,8640,"max(1, round(49 × (Tired ? 1.5 : 1) − DEF_e))",–,"流 2 · 星 (星期, 1) · 雨 1 · 术 (技术, 3)",The sky turns deep violet and a shower of colourful shooting stars rains on all enemies (max 3); each hit makes a star-shaped sparkle.
